bodega_id,zona_id,distancia_vial_estimada_km,tiempo_entrega_dias,costo_distribucion_cop_pedido,transportista,confiabilidad_pct
B001,Z001,8,0.84,3069,Operador B,0.892
B001,Z002,8,0.75,3082,Operador A,0.972
B001,Z003,12.8,0.7,3147,Operador B,0.97
B001,Z004,8,0.88,3037,Operador A,0.972
B001,Z005,8.6,0.67,3084,Operador B,0.93
B001,Z006,8,0.86,3035,Operador B,0.873
B001,Z007,8,0.78,3075,Operador B,0.887
B001,Z008,8,0.83,3089,Operador A,0.899
B001,Z009,11.4,0.7,3072,Operador C,0.861
B001,Z010,8,0.74,3030,Operador A,0.968
B001,Z011,310.0,1.8,9889,Operador B,0.923
B001,Z012,289.9,,8971,Operador B,0.906
B001,Z013,306.0,1.89,10159,Operador A,0.946
B001,Z014,306.5,1.92,8877,Operador C,0.877
B001,Z015,322.5,1.89,10324,Operador C,0.913
B001,Z016,328.6,1.88,9811,Operador B,0.91
B001,Z017,338.9,1.89,12057,Operador C,0.954
B001,Z018,291.0,1.69,10480,Operador B,0.927
B001,Z019,294.0,1.9,10874,Operador C,0.888
B001,Z020,327.3,1.97,9892,Operador C,0.92
B001,Z021,390.0,2.05,11183,Operador A,0.909
B001,Z022,430.7,2.23,11090,Operador A,0.896
B001,Z023,410.0,2.19,13015,Operador B,0.866
B001,Z024,367.9,1.99,9902,Operador C,0.909
B001,Z025,398.0,2.17,12752,Operador A,0.878
B001,Z026,444.9,2.17,10827,Operador C,0.877
B001,Z027,443.6,2.18,11958,Operador A,0.864
B001,Z028,411.1,2.17,11854,Operador B,0.961
B001,Z029,406.3,2.13,11684,Operador B,0.873
B001,Z030,411.4,2.22,11170,Operador A,0.905
B001,Z031,932.6,3.44,22674,Operador C,0.978
B001,Z032,958.5,3.55,19181,Operador A,0.976
B001,Z033,932.8,3.51,23737,Operador B,0.865
B001,Z034,865.0,3.36,21629,Operador C,0.91
B001,Z035,943.5,3.45,25182,Operador A,0.887
B001,Z036,942.3,3.47,21574,Operador B,0.883
B001,Z037,883.4,3.46,24135,Operador B,0.887
B001,Z038,921.6,3.55,25371,Operador C,0.913
B001,Z039,868.4,3.3,19808,Operador C,0.905
B001,Z040,878.5,3.47,18915,Operador A,0.885
B001,Z041,413.3,2.09,13164,Operador A,0.878
B001,Z042,363.7,2.08,11858,Operador A,0.899
B001,Z043,410.1,2.2,10497,Operador A,0.882
B001,Z044,390.8,2.11,12012,Operador B,0.862
B001,Z045,348.7,2.05,11430,Operador A,0.869
B001,Z046,363.0,2.0,12428,Operador C,0.922
B001,Z047,374.6,2.05,11988,Operador C,0.87
B001,Z048,367.4,2.04,11763,Operador C,0.869
B001,Z049,374.5,1.99,11277,Operador B,0.882
B001,Z050,369.7,1.92,10479,Operador C,0.98
B001,Z051,233.1,1.72,,Operador B,0.939
B001,Z052,235.4,1.61,8882,Operador A,0.92
B001,Z053,253.0,1.66,9269,Operador B,0.943
B001,Z054,242.7,1.65,9741,Operador A,0.949
B001,Z055,223.0,1.64,9288,Operador C,0.958
B001,Z056,234.2,1.65,9176,Operador B,0.978
B001,Z057,261.7,1.79,10136,Operador B,0.896
B001,Z058,251.4,1.69,8355,Operador B,0.91
B001,Z059,266.3,1.74,8371,Operador A,0.904
B001,Z060,260.6,1.71,9537,Operador C,0.965
B002,Z001,340.8,2.0,11054,Operador C,0.898
B002,Z002,306.5,1.82,9951,Operador A,0.967
B002,Z003,300.9,1.8,9337,Operador A,0.892
B002,Z004,324.8,1.8,10413,Operador B,0.984
B002,Z005,319.2,1.88,9900,Operador B,0.872
B002,Z006,315.9,1.81,10611,Operador B,0.884
B002,Z007,340.4,1.98,9158,Operador A,0.886
B002,Z008,310.9,1.93,9015,Operador B,0.949
B002,Z009,328.3,1.94,10597,Operador B,0.866
B002,Z010,321.3,1.95,9429,Operador B,0.943
B002,Z011,13.3,0.81,3115,Operador B,0.937
B002,Z012,13.4,0.8,3102,Operador B,0.965
B002,Z013,13.0,0.82,3145,Operador B,0.909
B002,Z014,9.3,0.7,3116,Operador A,0.91
B002,Z015,8,0.85,3065,Operador C,0.926
B002,Z016,11.1,0.84,3142,Operador B,0.915
B002,Z017,11.6,0.86,3152,Operador B,0.929
B002,Z018,9.9,0.81,3065,Operador C,0.93
B002,Z019,14.9,0.88,3156,Operador A,0.875
B002,Z020,10.0,0.74,3094,Operador A,0.881
B002,Z021,478.8,2.35,11382,Operador A,0.93
B002,Z022,457.1,2.21,12617,Operador C,0.873
B002,Z023,440.9,2.26,10904,Operador C,0.861
B002,Z024,452.3,2.24,13530,Operador C,0.915
B002,Z025,410.3,2.16,10634,Operador A,0.895
B002,Z026,457.8,2.28,12817,Operador C,0.968
B002,Z027,447.3,2.14,14184,Operador C,0.918
B002,Z028,471.8,2.25,11946,Operador A,0.888
B002,Z029,429.8,2.27,13458,Operador B,0.87
B002,Z030,463.7,2.34,14970,Operador C,0.87
B002,Z031,753.6,2.97,21238,Operador A,0.89
B002,Z032,684.7,2.88,16624,Operador B,0.87
B002,Z033,744.0,3.04,15515,Operador A,0.899
B002,Z034,750.2,3.07,18025,Operador B,0.903
B002,Z035,725.9,2.97,17290,Operador A,0.93
B002,Z036,758.7,2.97,18788,Operador C,0.965
B002,Z037,648.3,2.73,18024,Operador B,0.954
B002,Z038,704.1,2.86,17280,Operador C,0.983
B002,Z039,738.2,3.06,17474,Operador A,0.946
B002,Z040,738.0,3.1,18281,Operador C,0.9
B002,Z041,410.5,2.0,11593,Operador A,0.989
B002,Z042,424.2,2.1,12549,Operador B,0.906
B002,Z043,402.5,2.16,12059,Operador A,0.953
B002,Z044,369.2,1.99,10743,Operador A,0.946
B002,Z045,410.7,2.0,10730,Operador A,0.868
B002,Z046,399.4,1.97,10633,Operador C,0.948
B002,Z047,382.0,1.95,12094,Operador A,0.947
B002,Z048,380.2,2.03,12060,Operador B,0.866
B002,Z049,372.0,2.0,12677,Operador B,0.861
B002,Z050,424.0,2.21,13943,Operador A,0.971
B002,Z051,214.6,1.5,7223,Operador A,0.907
B002,Z052,215.2,1.58,7975,Operador C,0.929
B002,Z053,210.8,1.59,8141,Operador C,0.938
B002,Z054,210.3,1.48,8836,Operador C,0.926
B002,Z055,226.7,1.54,8916,Operador C,0.986
B002,Z056,211.7,1.64,8620,Operador A,0.919
B002,Z057,211.3,1.49,7904,Operador C,0.935
B002,Z058,216.0,1.59,7317,Operador B,0.951
B002,Z059,210.2,1.55,8315,Operador A,0.875
B002,Z060,194.9,1.47,7222,Operador B,0.934
B003,Z001,404.8,2.02,11787,Operador B,0.928
B003,Z002,433.7,2.15,14289,Operador C,0.865
B003,Z003,382.1,2.03,10260,Operador B,0.881
B003,Z004,417.5,2.05,14012,Operador B,0.984
B003,Z005,417.3,2.23,12977,Operador B,0.877
B003,Z006,384.5,2.12,12363,Operador B,0.943
B003,Z007,394.9,2.01,12768,Operador C,0.905
B003,Z008,427.3,2.06,12714,Operador A,0.871
B003,Z009,392.0,2.03,13366,Operador C,0.897
B003,Z010,391.6,1.98,10112,Operador C,0.975
B003,Z011,416.9,2.09,10634,Operador A,0.976
B003,Z012,412.4,2.18,11152,Operador C,0.898
B003,Z013,411.7,2.2,11129,Operador C,0.938
B003,Z014,457.0,2.25,14191,Operador B,0.986
B003,Z015,456.6,2.21,13519,Operador A,0.916
B003,Z016,411.3,2.17,12962,Operador A,0.862
B003,Z017,469.8,2.26,13310,Operador A,0.915
B003,Z018,407.4,2.2,10627,Operador B,0.93
B003,Z019,423.7,2.25,10446,Operador B,0.881
B003,Z020,464.8,2.33,13592,Operador C,0.866
B003,Z021,15.0,0.75,3196,Operador A,0.966
B003,Z022,11.8,0.87,3123,Operador A,0.986
B003,Z023,8,0.68,3054,Operador C,0.914
B003,Z024,8,0.78,3049,Operador C,0.937
B003,Z025,8,0.72,3036,Operador C,0.955
B003,Z026,8,0.76,3063,Operador B,0.87
B003,Z027,8,0.69,3027,Operador A,0.968
B003,Z028,13.1,0.7,3108,Operador A,0.934
B003,Z029,8,0.78,3073,Operador C,0.895
B003,Z030,10.1,0.87,3084,Operador A,0.946
B003,Z031,1219.6,4.32,22527,Operador C,0.965
B003,Z032,1123.7,4.11,21437,Operador C,1.8
B003,Z033,1081.1,4.0,22729,Operador C,0.911
B003,Z034,1130.6,3.97,21555,Operador C,0.896
B003,Z035,1176.4,4.08,28734,Operador C,0.918
B003,Z036,1155.0,4.03,29366,Operador B,0.895
B003,Z037,1162.1,4.09,24901,Operador A,0.986
B003,Z038,1169.3,4.13,23114,Operador B,0.925
B003,Z039,1170.3,4.24,22944,Operador B,0.935
B003,Z040,1167.8,4.24,25606,Operador C,0.899
B003,Z041,720.2,2.89,18857,Operador A,0.907
B003,Z042,732.5,2.88,18064,Operador A,0.884
B003,Z043,675.9,2.93,18936,Operador C,0.87
B003,Z044,699.5,2.87,20746,Operador B,0.964
B003,Z045,732.7,2.95,16826,Operador A,0.955
B003,Z046,737.5,3.03,15895,Operador A,0.952
B003,Z047,737.5,3.02,15136,Operador C,0.914
B003,Z048,789.6,3.2,21779,Operador A,0.94
B003,Z049,690.5,2.89,19475,Operador A,0.989
B003,Z050,788.4,3.04,19749,Operador A,0.909
B003,Z051,255.0,1.63,8969,Operador A,0.929
B003,Z052,234.5,1.63,7862,Operador A,0.928
B003,Z053,245.8,1.58,8420,Operador A,0.983
B003,Z054,229.7,1.53,7639,Operador A,0.977
B003,Z055,213.7,1.68,8393,Operador C,0.986
B003,Z056,227.7,1.64,9111,Operador A,0.893
B003,Z057,215.8,1.59,7993,Operador B,0.865
B003,Z058,218.7,1.61,7283,Operador C,0.863
B003,Z059,246.1,1.61,9596,Operador B,0.915
B003,Z060,254.2,1.61,9312,Operador C,0.962
B004,Z001,908.2,3.5,24458,Operador B,0.891
B004,Z002,985.5,3.77,19169,Operador A,0.861
B004,Z003,983.6,3.73,25068,Operador C,0.941
B004,Z004,855.0,3.31,24164,Operador A,0.989
B004,Z005,942.8,3.49,24440,Operador A,0.922
B004,Z006,998.3,3.79,23782,Operador B,0.952
B004,Z007,955.6,3.66,23513,Operador C,0.944
B004,Z008,901.2,3.44,21696,Operador A,0.971
B004,Z009,932.7,3.49,19878,Operador C,0.97
B004,Z010,925.8,3.45,24240,Operador A,0.942
B004,Z011,672.4,2.87,16012,Operador C,0.939
B004,Z012,722.0,2.92,21276,Operador A,0.941
B004,Z013,765.7,3.01,16825,Operador A,0.927
B004,Z014,701.3,2.94,14862,Operador B,0.917
B004,Z015,722.5,2.99,20099,Operador C,0.947
B004,Z016,712.2,2.87,18658,Operador B,0.874
B004,Z017,670.0,2.75,20034,Operador A,0.932
B004,Z018,695.7,2.79,16371,Operador A,0.909
B004,Z019,713.5,2.89,20438,Operador C,0.962
B004,Z020,651.3,2.8,15365,Operador C,0.923
B004,Z021,1152.6,4.15,23392,Operador B,0.888
B004,Z022,1148.9,4.05,29936,Operador B,0.972
B004,Z023,1124.8,4.1,30524,Operador A,0.926
B004,Z024,1219.4,4.2,27152,Operador C,0.896
B004,Z025,1223.5,4.26,27729,Operador C,0.905
B004,Z026,1140.4,3.98,27686,Operador B,0.975
B004,Z027,1095.3,3.96,22196,Operador B,0.917
B004,Z028,1159.8,4.22,27864,Operador B,0.886
B004,Z029,1160.7,4.22,26771,Operador B,0.902
B004,Z030,1217.1,4.32,24461,Operador B,0.885
B004,Z031,13.2,0.78,3121,Operador A,0.973
B004,Z032,12.5,0.88,3107,Operador B,0.982
B004,Z033,8,0.83,3084,Operador C,0.958
B004,Z034,11.1,0.69,3080,Operador A,0.983
B004,Z035,11.0,0.7,3133,Operador B,0.917
B004,Z036,10.8,0.74,3159,Operador B,0.908
B004,Z037,10.2,0.84,3076,Operador A,0.871
B004,Z038,14.4,0.88,3201,Operador B,0.988
B004,Z039,8,0.83,3061,Operador B,0.865
B004,Z040,14.6,0.89,3176,Operador B,0.92
B004,Z041,558.8,2.49,14957,Operador B,0.887
B004,Z042,612.1,,16636,Operador B,0.924
B004,Z043,595.5,2.69,13957,Operador B,0.909
B004,Z044,625.9,2.69,15065,Operador C,0.983
B004,Z045,668.1,2.91,14460,Operador A,0.892
B004,Z046,639.1,2.72,15391,Operador A,0.973
B004,Z047,561.7,2.58,12903,Operador A,0.867
B004,Z048,646.4,2.81,14076,Operador C,0.881
B004,Z049,651.7,2.87,15561,Operador C,0.885
B004,Z050,635.3,2.8,17100,Operador C,0.979
B004,Z051,967.9,3.64,21652,Operador A,0.963
B004,Z052,889.1,3.34,22793,Operador B,0.896
B004,Z053,873.5,3.35,20096,Operador B,0.951
B004,Z054,918.1,3.53,19578,Operador B,0.918
B004,Z055,872.1,3.26,23500,Operador C,0.913
B004,Z056,895.2,3.35,22941,Operador A,0.898
B004,Z057,909.4,3.45,25418,Operador B,0.983
B004,Z058,942.7,3.6,18215,Operador C,0.876
B004,Z059,948.6,3.6,24490,Operador C,0.912
B004,Z060,887.1,3.45,23110,Operador A,0.889
B005,Z001,376.9,2.02,11900,Operador C,0.893
B005,Z002,385.5,1.96,12476,Operador A,0.908
B005,Z003,351.0,1.97,9577,Operador C,0.911
B005,Z004,414.4,2.14,12381,Operador B,0.899
B005,Z005,405.6,2.19,10802,Operador C,0.989
B005,Z006,401.4,2.09,12219,Operador A,0.965
B005,Z007,348.7,1.91,10814,Operador C,0.868
B005,Z008,374.2,1.93,10721,Operador C,0.946
B005,Z009,387.5,2.01,10326,Operador C,0.898
B005,Z010,393.6,2.05,10417,Operador C,0.913
B005,Z011,401.4,2.05,12203,Operador A,0.942
B005,Z012,405.4,2.2,11399,Operador B,0.956
B005,Z013,351.6,2.05,11358,Operador C,0.901
B005,Z014,385.5,1.99,12745,Operador B,0.931
B005,Z015,405.0,2.14,11514,Operador C,0.917
B005,Z016,364.1,2.03,11355,Operador A,0.955
B005,Z017,400.0,2.09,10397,Operador B,0.881
B005,Z018,383.9,2.12,10283,Operador C,0.878
B005,Z019,356.1,1.9,12318,Operador B,0.876
B005,Z020,407.8,2.13,10820,Operador C,0.912
B005,Z021,801.5,3.22,17767,Operador B,0.928
B005,Z022,744.5,2.94,16385,Operador B,0.9
B005,Z023,764.2,3.03,21030,Operador B,0.949
B005,Z024,749.0,2.93,20212,Operador B,0.913
B005,Z025,759.1,3.08,18073,Operador A,0.946
B005,Z026,698.6,2.81,16160,Operador B,0.917
B005,Z027,722.3,2.94,18268,Operador A,0.936
B005,Z028,799.2,3.17,20344,Operador C,0.936
B005,Z029,789.5,3.03,20612,Operador A,0.904
B005,Z030,714.3,3.0,18441,Operador A,0.9
B005,Z031,652.0,2.75,18426,Operador A,0.946
B005,Z032,603.2,2.56,18300,Operador B,0.909
B005,Z033,660.2,2.76,17097,Operador B,0.936
B005,Z034,564.4,2.59,17097,Operador C,0.932
B005,Z035,590.8,2.69,15375,Operador C,0.952
B005,Z036,608.1,2.63,18441,Operador B,0.916
B005,Z037,646.0,2.65,16789,Operador B,0.879
B005,Z038,637.2,2.65,19025,Operador C,0.872
B005,Z039,590.6,2.64,16908,Operador C,0.863
B005,Z040,622.0,2.6,18654,Operador B,0.974
B005,Z041,11.0,0.83,3134,Operador C,0.876
B005,Z042,12.5,0.85,3120,Operador A,0.972
B005,Z043,12.6,0.72,3188,Operador B,0.973
B005,Z044,8,0.84,3065,Operador B,0.879
B005,Z045,8,0.8,3028,Operador A,0.891
B005,Z046,12.9,0.78,3150,Operador C,0.968
B005,Z047,13.0,0.88,3125,Operador B,0.98
B005,Z048,8,0.81,3056,Operador C,0.873
B005,Z049,8,0.71,3025,Operador B,0.894
B005,Z050,11.5,0.72,3097,Operador B,0.939
B005,Z051,477.6,2.33,13511,Operador A,0.942
B005,Z052,468.7,2.18,12297,Operador A,0.938
B005,Z053,544.5,2.46,15215,Operador A,0.875
B005,Z054,483.6,2.38,14221,Operador A,0.981
B005,Z055,554.7,2.46,14937,Operador C,0.982
B005,Z056,506.0,2.26,13758,Operador B,0.875
B005,Z057,539.9,2.5,16037,Operador C,0.916
B005,Z058,541.7,2.5,13848,Operador C,0.89
B005,Z059,528.0,2.46,16048,Operador A,0.901
B005,Z060,474.4,2.26,13645,Operador B,0.967
B006,Z001,226.3,1.51,8722,Operador A,0.886
B006,Z002,239.3,1.71,9338,Operador C,0.983
B006,Z003,224.4,1.55,7492,Operador A,0.92
B006,Z004,229.6,1.7,7791,Operador A,0.882
B006,Z005,237.7,1.71,7949,Operador C,0.919
B006,Z006,255.4,1.69,8523,Operador A,0.918
B006,Z007,241.7,1.69,9558,Operador B,0.91
B006,Z008,219.9,1.63,8653,Operador B,0.885
B006,Z009,228.3,1.56,7540,Operador A,0.99
B006,Z010,233.2,1.65,7553,Operador A,0.967
B006,Z011,194.1,1.63,8226,Operador B,0.972
B006,Z012,207.2,1.62,8050,Operador A,0.868
B006,Z013,199.7,1.58,8204,Operador A,0.923
B006,Z014,206.5,1.47,8750,Operador A,0.917
B006,Z015,227.5,1.71,8608,Operador C,0.875
B006,Z016,219.7,1.59,7940,Operador A,0.941
B006,Z017,235.9,1.62,9281,Operador B,0.885
B006,Z018,215.2,1.54,7998,Operador C,0.948
B006,Z019,219.0,1.62,8675,Operador A,0.891
B006,Z020,228.5,1.58,7734,Operador C,0.913
B006,Z021,262.4,1.71,8048,Operador A,0.893
B006,Z022,234.0,1.58,8043,Operador C,0.914
B006,Z023,256.6,1.79,7927,Operador C,0.937
B006,Z024,212.7,1.58,8774,Operador C,0.922
B006,Z025,243.3,1.76,9372,Operador B,0.863
B006,Z026,252.0,1.66,8402,Operador C,0.873
B006,Z027,247.0,1.66,8272,Operador A,0.873
B006,Z028,243.3,1.73,9199,Operador B,0.874
B006,Z029,226.5,1.65,9359,Operador A,0.874
B006,Z030,254.4,1.68,9114,Operador C,0.96
B006,Z031,874.2,3.28,22279,Operador C,0.909
B006,Z032,956.1,3.59,24047,Operador B,0.908
B006,Z033,850.6,3.24,18251,Operador C,0.972
B006,Z034,926.3,3.4,23078,Operador A,0.968
B006,Z035,957.8,3.53,24359,Operador C,0.893
B006,Z036,900.6,3.53,24123,Operador B,0.869
B006,Z037,847.6,3.25,21437,Operador A,0.95
B006,Z038,867.3,3.27,20912,Operador C,0.962
B006,Z039,949.8,3.53,20324,Operador C,0.868
B006,Z040,908.7,3.37,19010,Operador B,0.977
B006,Z041,514.6,2.45,16126,Operador B,0.861
B006,Z042,503.7,2.25,14381,Operador C,0.88
B006,Z043,531.8,2.49,12449,Operador C,0.905
B006,Z044,530.4,2.43,12154,Operador A,0.914
B006,Z045,482.5,2.2,13483,Operador A,0.878
B006,Z046,484.1,2.31,14275,Operador B,0.865
B006,Z047,547.8,2.48,16582,Operador C,0.948
B006,Z048,500.2,2.43,14273,Operador C,0.89
B006,Z049,483.7,2.32,14619,Operador B,0.978
B006,Z050,554.5,2.57,12539,Operador C,0.913
B006,Z051,9.7,0.74,3133,Operador B,0.902
B006,Z052,10.7,0.73,3070,Operador A,0.963
B006,Z053,8,0.76,3072,Operador B,0.935
B006,Z054,8,0.72,3075,Operador A,0.89
B006,Z055,11.7,0.72,3138,Operador B,0.925
B006,Z056,11.3,0.81,3169,Operador C,0.919
B006,Z057,12.3,0.88,3173,Operador B,0.86
B006,Z058,8,0.76,3031,Operador A,0.977
B006,Z059,13.0,0.88,3111,Operador C,0.903
B006,Z060,10.3,0.88,3122,Operador B,0.897
B007,Z001,8,0.83,3066,Operador B,0.901
B007,Z002,8,0.87,3034,Operador B,0.945
B007,Z003,11.6,0.84,3119,Operador C,0.975
B007,Z004,10.6,0.75,3087,Operador A,0.861
B007,Z005,12.0,0.69,3114,Operador C,0.874
B007,Z006,8,0.81,3051,Operador B,0.982
B007,Z007,8,0.85,3088,Operador A,0.899
B007,Z008,11.8,0.81,3166,Operador A,0.932
B007,Z009,13.0,0.73,3106,Operador C,0.918
B007,Z010,8,0.74,3051,Operador A,0.871
B007,Z011,307.6,1.82,8666,Operador B,0.966
B007,Z012,307.6,1.86,10665,Operador B,0.893
B007,Z013,293.3,1.81,8517,Operador C,0.899
B007,Z014,331.1,1.99,9886,Operador B,0.973
B007,Z015,339.1,1.89,11165,Operador B,0.949
B007,Z016,318.2,1.84,10961,Operador A,0.861
B007,Z017,339.4,1.9,10141,Operador B,0.897
B007,Z018,294.4,1.79,8441,Operador B,0.952
B007,Z019,308.6,1.89,10312,Operador B,0.867
B007,Z020,310.6,1.94,9382,Operador A,0.912
B007,Z021,398.7,2.11,12006,Operador C,0.955
B007,Z022,402.2,2.06,11200,Operador A,0.947
B007,Z023,388.8,2.02,10255,Operador B,0.872
B007,Z024,412.4,2.16,10196,Operador A,0.962
B007,Z025,444.6,2.29,11446,Operador A,0.951
B007,Z026,434.0,2.18,13135,Operador C,0.986
B007,Z027,417.5,2.19,10757,Operador C,0.879
B007,Z028,420.1,2.09,10436,Operador A,0.875
B007,Z029,415.6,2.12,13292,Operador B,0.941
B007,Z030,449.0,2.23,12652,Operador C,0.899
B007,Z031,953.5,3.52,20355,Operador B,0.911
B007,Z032,860.1,3.35,20249,Operador C,0.952
B007,Z033,949.9,3.64,21674,Operador A,0.949
B007,Z034,843.1,3.26,22666,Operador A,0.93
B007,Z035,897.3,3.37,25202,Operador A,0.948
B007,Z036,900.9,3.51,25022,Operador A,0.894
B007,Z037,935.2,3.53,24159,Operador A,0.94
B007,Z038,957.6,3.57,21444,Operador B,0.931
B007,Z039,983.1,3.74,24751,Operador A,0.943
B007,Z040,913.0,3.44,19130,Operador A,0.865
B007,Z041,388.3,2.09,10449,Operador A,0.982
B007,Z042,396.6,2.04,10705,Operador B,0.894
B007,Z043,370.0,2.0,10757,Operador C,0.951
B007,Z044,380.5,2.1,12422,Operador B,0.899
B007,Z045,347.9,1.91,11738,Operador B,0.917
B007,Z046,385.1,1.95,12463,Operador A,0.866
B007,Z047,396.7,1.98,10288,Operador C,0.954
B007,Z048,370.5,1.95,10299,Operador B,0.936
B007,Z049,365.0,2.09,9712,Operador A,0.922
B007,Z050,369.8,2.05,11396,Operador C,0.935
B007,Z051,244.8,1.56,9729,Operador B,0.888
B007,Z052,236.0,1.64,9502,Operador C,0.868
B007,Z053,252.5,1.68,7964,Operador A,0.886
B007,Z054,245.6,1.65,8723,Operador C,0.98
B007,Z055,245.8,1.68,9617,Operador B,0.887
B007,Z056,246.0,1.6,9268,Operador A,0.966
B007,Z057,263.4,1.73,8064,Operador B,0.911
B007,Z058,253.6,1.73,7848,Operador B,0.872
B007,Z059,241.3,1.61,7722,Operador C,0.932
B007,Z060,239.3,1.57,8018,Operador B,0.949
B008,Z001,8,0.78,3085,Operador B,0.888
B008,Z002,10.8,0.77,3140,Operador A,0.872
B008,Z003,8,0.85,3021,Operador B,0.982
B008,Z004,8,0.67,3021,Operador A,0.904
B008,Z005,8,0.79,3035,Operador C,0.872
B008,Z006,8,0.71,3064,Operador B,0.952
B008,Z007,9.3,0.82,3050,Operador A,0.909
B008,Z008,11.8,0.83,3152,Operador A,0.869
B008,Z009,8,0.66,3078,Operador A,0.898
B008,Z010,13.1,0.85,3145,Operador B,0.947
B008,Z011,321.0,1.92,11457,Operador C,0.916
B008,Z012,298.5,1.79,11049,Operador B,0.881
B008,Z013,318.8,1.94,11485,Operador B,0.976
B008,Z014,301.4,1.92,9031,Operador B,0.873
B008,Z015,289.2,1.73,9817,Operador C,0.933
B008,Z016,338.3,1.99,11400,Operador B,0.978
B008,Z017,329.5,1.97,11897,Operador C,0.883
B008,Z018,298.7,1.72,10911,Operador A,0.894
B008,Z019,293.8,1.89,10707,Operador C,0.972
B008,Z020,338.8,1.95,11658,Operador C,0.883
B008,Z021,418.3,2.18,10826,Operador B,0.938
B008,Z022,413.6,2.22,13566,Operador C,0.949
B008,Z023,442.3,2.1,13621,Operador C,0.944
B008,Z024,390.9,2.15,12526,Operador C,0.919
B008,Z025,392.4,2.1,10326,Operador A,0.944
B008,Z026,438.1,2.25,13169,Operador C,0.908
B008,Z027,416.3,2.08,13118,Operador C,0.915
B008,Z028,404.3,2.05,10940,Operador B,0.863
B008,Z029,425.0,2.23,10507,Operador A,0.959
B008,Z030,387.7,2.01,11576,Operador A,0.967
B008,Z031,937.7,3.61,19948,Operador B,0.901
B008,Z032,968.1,3.64,22267,Operador B,0.935
B008,Z033,976.7,3.69,25875,Operador A,0.916
B008,Z034,930.8,3.6,19832,Operador C,0.988
B008,Z035,933.7,3.46,21556,Operador C,0.894
B008,Z036,961.2,3.63,25239,Operador C,0.921
B008,Z037,915.9,3.4,22207,Operador B,0.954
B008,Z038,951.0,3.46,19013,Operador B,0.952
B008,Z039,946.3,3.63,26425,Operador C,0.942
B008,Z040,909.4,3.53,18469,Operador A,0.958
B008,Z041,390.3,1.96,11516,Operador B,0.882
B008,Z042,387.7,2.02,11340,Operador B,0.938
B008,Z043,370.5,1.97,11014,Operador A,0.879
B008,Z044,368.6,2.0,9746,Operador A,0.866
B008,Z045,391.8,2.04,11912,Operador C,0.91
B008,Z046,338.7,1.93,9415,Operador A,0.905
B008,Z047,380.9,2.06,11228,Operador C,0.95
B008,Z048,393.6,2.12,10884,Operador B,0.929
B008,Z049,377.2,2.0,11725,Operador A,0.904
B008,Z050,406.6,2.08,12142,Operador B,0.927
B008,Z051,228.6,1.53,9299,Operador A,0.969
B008,Z052,216.3,1.63,9016,Operador A,0.944
B008,Z053,222.3,1.51,9132,Operador A,0.976
B008,Z054,238.0,1.54,9567,Operador C,0.922
B008,Z055,243.8,1.57,8810,Operador A,0.863
B008,Z056,249.5,1.66,8154,Operador A,0.978
B008,Z057,253.2,1.71,9419,Operador B,0.861
B008,Z058,239.1,1.73,7914,Operador A,0.914
B008,Z059,231.6,1.61,8145,Operador C,0.864
B008,Z060,251.0,1.74,8267,Operador C,0.923
B009,Z001,8,0.71,3041,Operador A,0.896
B009,Z002,8,0.81,3047,Operador A,0.879
B009,Z003,17.5,0.7,3315,Operador C,0.961
B009,Z004,13.7,0.8,3150,Operador A,0.926
B009,Z005,14.8,0.89,3150,Operador C,0.893
B009,Z006,8,0.72,3091,Operador C,0.867
B009,Z007,8,0.78,3047,Operador C,0.977
B009,Z008,9.1,0.81,3077,Operador A,0.981
B009,Z009,18.9,0.89,3298,Operador C,0.987
B009,Z010,8,0.87,3072,Operador A,0.934
B009,Z011,304.8,1.75,11171,Operador B,0.927
B009,Z012,307.0,1.79,11043,Operador C,0.918
B009,Z013,320.3,1.82,10952,Operador B,0.973
B009,Z014,303.5,1.78,8846,Operador C,0.894
B009,Z015,325.8,1.79,10086,Operador B,0.951
B009,Z016,321.9,1.97,9603,Operador C,0.901
B009,Z017,307.8,1.89,9239,Operador B,0.875
B009,Z018,334.7,2.0,11023,Operador A,0.898
B009,Z019,327.5,1.89,10992,Operador B,0.86
B009,Z020,318.2,,11325,Operador B,0.9
B009,Z021,438.1,2.17,14194,Operador C,0.889
B009,Z022,405.1,2.13,11353,Operador A,0.964
B009,Z023,444.7,2.23,14331,Operador B,0.915
B009,Z024,414.1,2.12,11684,Operador C,0.871
B009,Z025,427.8,2.17,10795,Operador A,0.895
B009,Z026,450.2,2.27,14508,Operador B,0.94
B009,Z027,405.8,2.04,10448,Operador B,0.905
B009,Z028,394.5,2.06,11994,Operador C,0.93
B009,Z029,383.2,2.02,11972,Operador B,0.926
B009,Z030,393.1,2.12,11108,Operador C,0.888
B009,Z031,930.0,3.57,21349,Operador B,0.861
B009,Z032,941.1,3.64,19046,Operador C,0.975
B009,Z033,862.0,3.41,22000,Operador B,0.886
B009,Z034,961.8,3.59,24775,Operador B,0.945
B009,Z035,914.2,3.43,21961,Operador C,0.861
B009,Z036,905.1,3.4,24606,Operador B,0.906
B009,Z037,865.1,3.42,22391,Operador B,0.909
B009,Z038,951.0,3.49,26251,Operador C,0.864
B009,Z039,932.0,3.61,23028,Operador C,0.921
B009,Z040,887.2,3.38,22813,Operador C,0.982
B009,Z041,383.7,1.93,10614,Operador C,0.924
B009,Z042,394.8,2.07,10217,Operador A,0.981
B009,Z043,402.1,2.04,11404,Operador A,0.962
B009,Z044,357.0,1.97,11756,Operador C,0.976
B009,Z045,404.4,2.16,11316,Operador C,0.908
B009,Z046,359.0,2.07,12529,Operador B,0.874
B009,Z047,378.4,2.09,10200,Operador A,0.869
B009,Z048,355.7,2.03,12381,Operador B,0.971
B009,Z049,383.9,2.02,10348,Operador C,0.89
B009,Z050,411.3,2.09,11322,Operador B,0.902
B009,Z051,218.0,1.67,9219,Operador C,0.923
B009,Z052,225.1,1.56,8658,Operador C,0.985
B009,Z053,255.9,1.73,8055,Operador B,0.923
B009,Z054,228.5,1.52,7500,Operador A,0.937
B009,Z055,233.2,1.71,7683,Operador A,0.879
B009,Z056,239.1,1.58,9440,Operador B,0.919
B009,Z057,254.5,1.66,8723,Operador B,0.895
B009,Z058,256.8,1.77,9425,Operador C,0.969
B009,Z059,243.3,1.57,8761,Operador C,0.933
B009,Z060,251.6,1.73,9664,Operador C,0.937
B010,Z001,317.5,1.78,9038,Operador B,0.923
B010,Z002,338.1,1.81,9586,Operador A,0.899
B010,Z003,289.5,1.77,10427,Operador A,0.976
B010,Z004,332.0,1.97,10247,Operador C,0.977
B010,Z005,302.3,1.78,9456,Operador A,0.976
B010,Z006,318.9,1.77,10086,Operador A,0.867
B010,Z007,305.6,1.87,9854,Operador A,0.929
B010,Z008,332.8,1.9,10418,Operador B,0.874
B010,Z009,310.8,1.87,9517,Operador B,0.869
B010,Z010,325.0,1.83,9906,Operador A,0.957
B010,Z011,15.1,0.69,3137,Operador A,0.885
B010,Z012,18.4,0.73,3301,Operador A,0.972
B010,Z013,13.9,0.73,3159,Operador B,0.904
B010,Z014,13.5,0.75,3123,Operador B,0.959
B010,Z015,8,0.77,3023,Operador B,0.909
B010,Z016,10.3,0.78,3077,Operador A,0.891
B010,Z017,8.1,0.8,3091,Operador B,0.874
B010,Z018,12.8,0.8,3148,Operador B,0.902
B010,Z019,10.0,0.76,3110,Operador A,0.97
B010,Z020,12.2,0.82,3130,Operador A,0.883
B010,Z021,444.5,2.2,14404,Operador A,0.923
B010,Z022,437.4,2.28,12653,Operador B,0.861
B010,Z023,468.8,2.18,14410,Operador A,0.97
B010,Z024,460.6,2.17,11467,Operador A,0.966
B010,Z025,428.7,2.08,14126,Operador A,0.92
B010,Z026,447.8,2.3,11923,Operador A,0.909
B010,Z027,412.4,2.2,13560,Operador C,0.876
B010,Z028,446.2,2.23,10945,Operador C,0.912
B010,Z029,452.9,2.19,12959,Operador B,0.94
B010,Z030,443.7,2.13,11136,Operador A,0.86
B010,Z031,750.9,3.07,18983,Operador C,0.966
B010,Z032,701.3,2.8,16500,Operador A,0.957
B010,Z033,678.8,2.9,20227,Operador C,0.895
B010,Z034,743.7,2.9,20678,Operador C,0.979
B010,Z035,668.7,2.73,15069,Operador B,0.977
B010,Z036,698.9,2.86,18319,Operador C,0.86
B010,Z037,717.3,3.01,15651,Operador B,0.969
B010,Z038,712.0,3.01,17001,Operador C,0.886
B010,Z039,660.3,2.69,19627,Operador C,0.902
B010,Z040,744.9,3.08,15411,Operador B,0.921
B010,Z041,374.6,2.1,10354,Operador C,0.955
B010,Z042,402.5,2.11,12655,Operador A,0.981
B010,Z043,397.5,2.07,13315,Operador C,0.925
B010,Z044,404.8,2.13,13143,Operador B,0.976
B010,Z045,379.9,2.02,10711,Operador C,0.972
B010,Z046,366.2,1.96,10962,Operador C,0.919
B010,Z047,371.2,1.93,9628,Operador C,0.938
B010,Z048,377.7,2.11,12906,Operador C,0.982
B010,Z049,376.8,1.92,12046,Operador C,0.915
B010,Z050,394.1,1.98,13296,Operador A,0.976
B010,Z051,227.9,1.51,8910,Operador B,0.93
B010,Z052,228.6,1.64,8465,Operador A,0.941
B010,Z053,224.3,1.57,8530,Operador C,0.876
B010,Z054,222.8,1.5,9297,Operador A,0.907
B010,Z055,242.9,1.59,8720,Operador C,0.874
B010,Z056,213.5,1.48,7744,Operador C,0.964
B010,Z057,208.0,1.61,8540,Operador B,0.978
B010,Z058,213.6,1.47,8993,Operador B,0.877
B010,Z059,197.0,1.6,8438,Operador C,0.901
B010,Z060,214.8,1.68,8822,Operador A,0.917
B011,Z001,294.5,1.69,10958,Operador B,0.902
B011,Z002,340.2,1.93,11272,Operador A,0.968
B011,Z003,305.5,1.72,9436,Operador A,0.934
B011,Z004,310.3,1.9,10570,Operador B,0.937
B011,Z005,302.0,1.89,11171,Operador B,0.88
B011,Z006,322.1,1.83,9094,Operador B,0.974
B011,Z007,334.0,1.87,10923,Operador C,0.937
B011,Z008,324.4,1.93,10219,Operador C,0.971
B011,Z009,281.2,1.71,9831,Operador C,0.87
B011,Z010,305.3,1.77,10745,Operador B,0.921
B011,Z011,17.3,0.7,3238,Operador B,0.913
B011,Z012,17.7,0.88,3184,Operador B,0.91
B011,Z013,11.2,0.73,3111,Operador B,0.958
B011,Z014,14.4,0.85,3187,Operador C,0.885
B011,Z015,9.6,0.75,3091,Operador C,0.937
B011,Z016,14.5,0.73,3232,Operador A,0.88
B011,Z017,11.1,0.77,3162,Operador B,0.941
B011,Z018,11.4,0.7,3119,Operador C,0.892
B011,Z019,9.4,0.86,3114,Operador B,0.955
B011,Z020,14.5,0.87,3205,Operador B,0.931
B011,Z021,449.6,2.29,14625,Operador A,0.974
B011,Z022,454.1,2.3,12323,Operador A,0.864
B011,Z023,419.6,2.23,12174,Operador C,0.973
B011,Z024,407.4,2.14,11213,Operador C,0.885
B011,Z025,459.8,2.2,12503,Operador C,0.877
B011,Z026,420.5,2.17,12086,Operador B,0.945
B011,Z027,458.9,2.24,14434,Operador B,0.861
B011,Z028,424.0,2.04,12937,Operador A,0.937
B011,Z029,421.0,2.22,12307,Operador C,0.947
B011,Z030,432.4,2.23,11761,Operador A,0.962
B011,Z031,671.7,2.75,15783,Operador C,0.887
B011,Z032,710.7,2.91,18102,Operador C,0.977
B011,Z033,741.4,3.1,16890,Operador B,0.985
B011,Z034,717.8,2.88,17363,Operador B,0.911
B011,Z035,725.4,2.95,20868,Operador A,0.917
B011,Z036,655.4,2.79,17864,Operador C,0.975
B011,Z037,749.3,3.1,15766,Operador B,0.927
B011,Z038,714.1,2.86,17678,Operador A,0.879
B011,Z039,715.6,2.92,18474,Operador C,0.872
B011,Z040,698.0,2.88,19672,Operador A,0.978
B011,Z041,356.2,2.05,11862,Operador A,0.973
B011,Z042,387.9,2.06,12927,Operador C,0.973
B011,Z043,342.1,1.95,10209,Operador B,0.886
B011,Z044,377.7,1.97,11693,Operador B,0.9
B011,Z045,370.0,1.95,11197,Operador C,0.956
B011,Z046,378.4,2.0,12891,Operador A,0.927
B011,Z047,376.2,2.11,10595,Operador A,0.893
B011,Z048,366.1,2.07,12779,Operador C,0.909
B011,Z049,351.9,1.95,12074,Operador B,0.9
B011,Z050,363.4,1.95,11652,Operador A,0.964
B011,Z051,199.5,1.5,8046,Operador A,0.936
B011,Z052,203.6,1.6,7285,Operador A,0.891
B011,Z053,221.8,1.6,8108,Operador A,0.907
B011,Z054,209.8,1.57,8787,Operador C,0.914
B011,Z055,233.8,1.54,9547,Operador B,0.884
B011,Z056,214.0,1.63,7329,Operador A,0.909
B011,Z057,217.8,1.51,7932,Operador B,0.871
B011,Z058,222.4,1.66,7615,Operador C,0.978
B011,Z059,217.4,1.68,7528,Operador B,0.938
B011,Z060,196.7,1.55,8712,Operador C,0.988
B012,Z001,317.0,1.79,9183,Operador C,0.958
B012,Z002,332.4,1.91,11635,Operador C,0.989
B012,Z003,326.1,1.81,8978,Operador C,0.924
B012,Z004,307.1,1.88,10562,Operador B,0.973
B012,Z005,327.2,1.85,10868,Operador A,0.864
B012,Z006,327.3,1.78,9679,Operador B,0.926
B012,Z007,335.8,1.84,9695,Operador C,0.988
B012,Z008,321.6,1.83,9779,Operador C,0.927
B012,Z009,289.0,1.83,8585,Operador B,0.97
B012,Z010,300.5,1.88,10572,Operador B,0.928
B012,Z011,16.6,0.8,3152,Operador C,0.921
B012,Z012,17.6,0.78,3213,Operador A,0.932
B012,Z013,13.8,0.88,3142,Operador B,0.982
B012,Z014,15.5,0.74,3203,Operador A,0.934
B012,Z015,8.1,0.71,3046,Operador A,0.99
B012,Z016,10.4,0.88,3111,Operador C,0.875
B012,Z017,8,0.72,3044,Operador B,0.979
B012,Z018,14.1,0.7,3204,Operador B,0.983
B012,Z019,9.6,0.81,3102,Operador C,0.968
B012,Z020,12.8,0.7,3166,Operador A,0.921
B012,Z021,436.5,2.16,13084,Operador B,0.867
B012,Z022,429.3,2.17,12094,Operador B,0.986
B012,Z023,449.9,2.27,11225,Operador C,0.958
B012,Z024,412.7,2.05,13823,Operador B,0.98
B012,Z025,434.1,2.19,11535,Operador A,0.933
B012,Z026,429.6,2.25,12651,Operador A,0.874
B012,Z027,452.7,2.29,11990,Operador B,0.887
B012,Z028,429.8,2.25,10691,Operador B,0.953
B012,Z029,451.3,2.24,12246,Operador C,0.917
B012,Z030,474.2,2.37,14577,Operador C,0.865
B012,Z031,712.1,2.82,14878,Operador A,0.925
B012,Z032,636.4,2.68,18205,Operador B,0.987
B012,Z033,708.2,2.85,15805,Operador C,0.987
B012,Z034,716.6,2.86,16817,Operador B,0.921
B012,Z035,693.4,2.98,17768,Operador A,0.988
B012,Z036,679.0,2.75,16773,Operador B,0.954
B012,Z037,661.2,2.83,13949,Operador C,0.884
B012,Z038,718.1,2.95,17961,Operador B,0.863
B012,Z039,682.1,2.91,17546,Operador A,0.965
B012,Z040,719.6,2.99,15030,Operador A,0.917
B012,Z041,367.3,1.99,10644,Operador A,0.9
B012,Z042,372.0,2.05,10793,Operador C,0.871
B012,Z043,341.9,1.93,11355,Operador A,0.955
B012,Z044,347.2,2.05,12126,Operador A,0.961
B012,Z045,377.8,2.07,11197,Operador C,0.928
B012,Z046,366.1,1.94,10309,Operador B,0.939
B012,Z047,365.6,2.04,9691,Operador C,0.941
B012,Z048,386.0,2.02,11519,Operador B,0.93
B012,Z049,351.3,2.02,12249,Operador B,0.897
B012,Z050,403.2,2.06,11754,Operador C,0.88
B012,Z051,218.4,1.49,8199,Operador C,0.891
B012,Z052,220.4,1.6,8475,Operador B,0.913
B012,Z053,232.6,1.57,8018,Operador A,0.906
B012,Z054,232.2,1.57,8975,Operador B,0.948
B012,Z055,244.1,1.73,9758,Operador C,0.967
B012,Z056,222.2,1.5,9151,Operador C,0.935
B012,Z057,233.1,1.67,9284,Operador A,0.866
B012,Z058,205.0,1.47,8300,Operador B,0.948
B012,Z059,216.7,1.62,7472,Operador A,0.918
B012,Z060,221.3,1.7,8353,Operador A,0.931
B013,Z001,409.4,2.14,11912,Operador B,0.886
B013,Z002,396.3,2.14,11029,Operador A,0.966
B013,Z003,418.7,2.1,10495,Operador B,0.905
B013,Z004,397.3,2.12,11690,Operador C,0.903
B013,Z005,401.0,1.99,13006,Operador C,0.984
B013,Z006,377.5,1.98,11797,Operador A,0.894
B013,Z007,429.8,2.22,13172,Operador C,0.988
B013,Z008,397.1,2.02,11014,Operador A,0.967
B013,Z009,425.3,2.05,13862,Operador A,0.901
B013,Z010,415.9,2.1,13004,Operador B,0.973
B013,Z011,407.7,2.16,11907,Operador C,0.962
B013,Z012,448.9,2.15,12492,Operador C,0.93
B013,Z013,436.8,2.16,11715,Operador B,0.885
B013,Z014,406.0,2.15,12849,Operador C,0.865
B013,Z015,462.9,2.33,14125,Operador C,0.88
B013,Z016,468.2,2.17,11562,Operador B,0.935
B013,Z017,469.4,2.33,11934,Operador A,0.892
B013,Z018,438.3,2.25,10817,Operador C,0.956
B013,Z019,469.1,2.2,12081,Operador C,0.863
B013,Z020,419.0,2.04,13298,Operador B,0.883
B013,Z021,13.6,0.68,3220,Operador A,0.954
B013,Z022,10.4,0.77,3138,Operador A,0.985
B013,Z023,9.4,0.87,3084,Operador C,0.904
B013,Z024,8,0.76,3058,Operador C,0.892
B013,Z025,8,0.67,3022,Operador C,0.866
B013,Z026,8.8,0.86,3088,Operador C,0.936
B013,Z027,8,0.67,3071,Operador C,0.934
B013,Z028,14.6,0.9,3249,Operador C,0.88
B013,Z029,9.5,0.72,3115,Operador B,0.95
B013,Z030,11.0,0.82,3164,Operador A,0.954
B013,Z031,1197.2,4.27,27430,Operador C,0.985
B013,Z032,1119.4,4.07,30708,Operador B,0.969
B013,Z033,1114.1,4.1,22048,Operador B,0.912
B013,Z034,1187.9,4.28,31680,Operador B,0.894
B013,Z035,1075.3,3.93,20158,Operador C,0.988
B013,Z036,1052.6,3.86,21065,Operador C,0.912
B013,Z037,1109.0,3.93,27245,Operador A,0.929
B013,Z038,1115.9,4.04,29625,Operador C,0.922
B013,Z039,1223.9,4.38,23252,Operador C,0.869
B013,Z040,1077.8,3.9,25254,Operador A,0.931
B013,Z041,784.5,3.02,20392,Operador C,0.881
B013,Z042,798.8,3.1,19015,Operador B,0.878
B013,Z043,777.9,3.08,19840,Operador A,0.95
B013,Z044,755.5,3.15,21764,Operador A,0.985
B013,Z045,716.7,2.93,19319,Operador B,0.862
B013,Z046,701.8,2.91,20663,Operador B,0.883
B013,Z047,759.0,2.97,17189,Operador A,0.878
B013,Z048,780.8,3.17,16762,Operador C,0.987
B013,Z049,715.8,3.01,20801,Operador A,0.936
B013,Z050,802.4,3.28,21846,Operador A,0.941
B013,Z051,244.9,1.59,9506,Operador A,0.862
B013,Z052,222.8,1.65,8011,Operador B,0.956
B013,Z053,230.7,1.59,7686,Operador A,0.986
B013,Z054,222.3,1.61,9166,Operador C,0.955
B013,Z055,211.9,1.68,7804,Operador C,0.97
B013,Z056,239.0,1.61,8603,Operador A,0.865
B013,Z057,228.4,1.52,8448,Operador A,0.905
B013,Z058,237.2,1.58,7938,Operador B,0.869
B013,Z059,236.3,1.7,8877,Operador B,0.922
B013,Z060,236.3,1.7,7664,Operador C,0.906
B014,Z001,389.3,2.02,9909,Operador A,0.884
B014,Z002,385.7,2.11,10789,Operador A,0.954
B014,Z003,413.5,2.13,10552,Operador B,0.989
B014,Z004,389.6,2.03,10431,Operador C,0.915
B014,Z005,376.7,2.09,11848,Operador C,0.98
B014,Z006,420.0,2.09,12267,Operador B,0.913
B014,Z007,375.3,1.92,10380,Operador A,0.953
B014,Z008,377.5,1.92,12108,Operador B,0.893
B014,Z009,400.9,2.17,11769,Operador A,0.929
B014,Z010,381.0,2.1,12249,Operador C,0.903
B014,Z011,385.3,2.14,11862,Operador A,0.907
B014,Z012,438.4,2.18,12859,Operador B,0.969
B014,Z013,421.8,2.13,12970,Operador B,0.95
B014,Z014,411.3,2.14,11546,Operador A,0.987
B014,Z015,431.3,2.2,13433,Operador A,0.952
B014,Z016,415.5,2.06,13455,Operador B,0.947
B014,Z017,430.3,2.12,13276,Operador B,0.986
B014,Z018,391.0,2.02,13042,Operador B,0.914
B014,Z019,412.3,2.11,12408,Operador C,0.928
B014,Z020,434.0,2.1,13785,Operador B,0.974
B014,Z021,19.1,0.9,3278,Operador A,0.952
B014,Z022,12.3,0.77,3183,Operador C,0.975
B014,Z023,14.8,0.76,3206,Operador A,0.987
B014,Z024,8,0.75,3083,Operador C,0.86
B014,Z025,10.9,0.74,3102,Operador A,0.863
B014,Z026,13.2,0.89,3150,Operador B,0.88
B014,Z027,13.2,0.85,3162,Operador A,0.864
B014,Z028,18.0,0.72,3276,Operador B,0.913
B014,Z029,13.0,0.84,3096,Operador C,0.95
B014,Z030,15.7,0.8,3145,Operador C,0.912
B014,Z031,1225.9,4.28,24864,Operador C,0.979
B014,Z032,1048.5,3.87,21795,Operador B,0.97
B014,Z033,1210.5,4.23,24997,Operador B,0.905
B014,Z034,1153.3,4.17,25998,Operador C,0.974
B014,Z035,1059.7,3.77,20224,Operador A,0.971
B014,Z036,1104.9,4.09,27980,Operador B,0.982
B014,Z037,1157.9,4.04,24338,Operador A,0.968
B014,Z038,1076.0,3.82,27628,Operador B,0.98
B014,Z039,1202.8,4.3,22707,Operador C,0.971
B014,Z040,1168.7,4.14,24449,Operador B,0.884
B014,Z041,705.5,2.92,20307,Operador B,0.867
B014,Z042,719.2,2.91,14804,Operador A,0.987
B014,Z043,732.6,3.0,21571,Operador C,0.874
B014,Z044,715.8,2.84,18051,Operador B,0.921
B014,Z045,705.2,2.83,15648,Operador B,0.873
B014,Z046,729.9,3.07,19853,Operador A,0.863
B014,Z047,753.6,2.98,20810,Operador C,0.979
B014,Z048,769.9,3.06,19005,Operador A,0.98
B014,Z049,668.9,2.76,17427,Operador B,0.93
B014,Z050,696.6,2.88,20521,Operador C,0.866
B014,Z051,245.8,1.58,8093,Operador A,0.885
B014,Z052,234.1,1.55,8086,Operador A,0.986
B014,Z053,226.8,1.59,9338,Operador C,0.948
B014,Z054,241.9,1.57,8151,Operador B,0.938
B014,Z055,205.3,1.63,7274,Operador B,0.981
B014,Z056,216.8,1.55,7368,Operador A,0.926
B014,Z057,234.7,1.54,8801,Operador A,0.907
B014,Z058,240.5,1.73,8518,Operador A,0.941
B014,Z059,211.3,1.65,8628,Operador A,0.965
B014,Z060,225.4,1.55,8272,Operador B,0.862
B015,Z001,399.8,2.12,13094,Operador A,0.927
B015,Z002,404.8,2.15,10550,Operador C,0.907
B015,Z003,404.9,2.0,13244,Operador A,0.916
B015,Z004,419.3,2.21,12922,Operador A,0.962
B015,Z005,378.2,1.92,10773,Operador B,0.879
B015,Z006,374.5,2.08,10396,Operador B,0.914
B015,Z007,380.3,2.14,12186,Operador C,0.871
B015,Z008,422.7,2.14,11079,Operador B,0.897
B015,Z009,424.2,2.08,12944,Operador A,0.907
B015,Z010,384.5,2.06,13200,Operador B,0.891
B015,Z011,445.0,2.3,11888,Operador C,0.919
B015,Z012,422.7,2.21,12621,Operador B,0.964
B015,Z013,416.1,2.03,11813,Operador A,0.965
B015,Z014,422.2,2.19,10410,Operador C,0.896
B015,Z015,463.0,2.25,13359,Operador C,0.908
B015,Z016,440.1,2.29,12961,Operador A,0.89
B015,Z017,413.0,2.08,11970,Operador B,0.887
B015,Z018,426.2,2.09,10958,Operador A,0.943
B015,Z019,415.8,2.23,10260,Operador B,0.867
B015,Z020,416.4,2.21,11156,Operador A,0.936
B015,Z021,16.6,0.83,3191,Operador A,0.879
B015,Z022,18.7,0.75,3253,Operador C,0.934
B015,Z023,9.6,0.74,3127,Operador C,0.928
B015,Z024,8,0.75,3051,Operador B,0.903
B015,Z025,8,0.73,3026,Operador A,0.869
B015,Z026,10.2,0.84,3099,Operador C,0.905
B015,Z027,8.6,0.71,3073,Operador B,0.927
B015,Z028,11.0,0.7,3136,Operador C,0.928
B015,Z029,8,0.72,3043,Operador A,0.922
B015,Z030,12.4,0.68,3181,Operador A,0.87
B015,Z031,1069.0,3.84,28541,Operador A,0.897
B015,Z032,1216.3,4.22,29261,Operador B,0.926
B015,Z033,1047.7,3.94,20640,Operador C,0.933
B015,Z034,1185.9,4.12,27518,Operador A,0.945
B015,Z035,1065.9,3.99,24724,Operador B,0.921
B015,Z036,1175.2,4.08,25859,Operador B,0.983
B015,Z037,1145.4,3.99,29047,Operador B,0.95
B015,Z038,1097.1,3.96,21855,Operador A,0.874
B015,Z039,1101.6,4.05,30260,Operador B,0.918
B015,Z040,1207.7,4.19,24270,Operador C,0.93
B015,Z041,767.7,3.02,16386,Operador A,0.886
B015,Z042,721.8,3.02,20419,Operador C,0.939
B015,Z043,718.8,3.02,19187,Operador A,0.956
B015,Z044,747.9,3.0,17431,Operador A,0.963
B015,Z045,728.6,2.98,20369,Operador C,0.88
B015,Z046,759.8,3.13,15864,Operador A,0.892
B015,Z047,799.0,3.16,18652,Operador B,0.918
B015,Z048,765.2,3.05,18860,Operador A,0.952
B015,Z049,686.7,2.86,19123,Operador B,0.898
B015,Z050,760.0,3.01,18163,Operador B,0.873
B015,Z051,230.3,1.56,8615,Operador C,0.968
B015,Z052,224.9,1.57,8388,Operador B,0.928
B015,Z053,245.9,1.56,7865,Operador C,0.951
B015,Z054,245.3,1.66,9855,Operador B,0.91
B015,Z055,214.8,1.49,8039,Operador A,0.943
B015,Z056,217.2,1.54,8152,Operador B,0.928
B015,Z057,246.6,1.59,9300,Operador B,0.936
B015,Z058,230.4,1.66,9092,Operador B,0.904
B015,Z059,245.4,1.64,7723,Operador B,0.905
B015,Z060,250.3,1.59,8143,Operador C,0.923
B016,Z001,964.9,3.57,25799,Operador B,0.894
B016,Z002,858.7,3.42,22550,Operador B,0.907
B016,Z003,882.7,3.36,23882,Operador A,0.9
B016,Z004,947.2,3.52,22308,Operador A,0.875
B016,Z005,895.7,3.41,25270,Operador A,0.929
B016,Z006,887.0,3.32,18124,Operador A,0.89
B016,Z007,894.0,3.39,24199,Operador A,0.919
B016,Z008,950.8,3.59,23618,Operador B,0.93
B016,Z009,855.3,3.38,21788,Operador C,0.91
B016,Z010,973.4,3.67,23817,Operador C,0.91
B016,Z011,726.4,2.99,15563,Operador C,0.897
B016,Z012,742.0,2.93,20907,Operador A,0.98
B016,Z013,764.3,3.05,19504,Operador A,0.914
B016,Z014,725.5,3.05,19387,Operador A,0.987
B016,Z015,707.2,2.84,14722,Operador A,0.941
B016,Z016,728.9,2.92,16697,Operador A,0.896
B016,Z017,745.1,2.95,15379,Operador A,0.931
B016,Z018,764.1,3.14,19697,Operador A,0.98
B016,Z019,741.5,3.01,15559,Operador A,0.891
B016,Z020,695.7,2.98,18139,Operador A,0.918
B016,Z021,1099.1,4.05,28802,Operador A,0.949
B016,Z022,1047.4,3.74,27165,Operador B,0.989
B016,Z023,1208.5,4.37,,Operador C,0.938
B016,Z024,1146.5,4.13,25105,Operador B,0.917
B016,Z025,1084.0,3.91,22011,Operador C,0.905
B016,Z026,1203.1,4.34,31216,Operador B,0.974
B016,Z027,1176.7,4.28,32094,Operador A,0.965
B016,Z028,1133.0,4.02,26911,Operador C,0.881
B016,Z029,1235.9,4.3,25286,Operador C,0.947
B016,Z030,1130.9,3.97,21082,Operador C,0.895
B016,Z031,15.7,0.79,3176,Operador B,0.934
B016,Z032,19.0,0.84,3272,Operador C,0.974
B016,Z033,11.8,0.7,3094,Operador C,0.988
B016,Z034,13.5,0.84,3140,Operador A,0.99
B016,Z035,10.1,0.74,3123,Operador C,0.916
B016,Z036,14.9,0.89,3196,Operador C,0.931
B016,Z037,16.0,0.73,3179,Operador B,0.952
B016,Z038,17.3,0.9,3231,Operador A,0.982
B016,Z039,8,0.8,3085,Operador A,0.882
B016,Z040,10.8,0.84,3062,Operador B,0.952
B016,Z041,636.8,2.66,18857,Operador B,0.874
B016,Z042,572.7,2.65,14451,Operador C,0.963
B016,Z043,654.8,2.8,16810,Operador A,0.978
B016,Z044,651.2,2.79,15497,Operador A,0.894
B016,Z045,595.2,2.7,13581,Operador C,0.936
B016,Z046,583.9,2.47,13360,Operador B,0.967
B016,Z047,588.8,2.68,14372,Operador A,0.897
B016,Z048,625.6,2.73,14096,Operador B,0.865
B016,Z049,622.2,2.6,15739,Operador C,0.912
B016,Z050,636.1,2.66,16724,Operador C,0.913
B016,Z051,937.0,3.52,23495,Operador A,0.865
B016,Z052,961.4,3.55,19208,Operador B,0.881
B016,Z053,974.2,3.7,26860,Operador C,0.908
B016,Z054,908.9,3.53,21390,Operador B,0.875
B016,Z055,968.4,3.59,26368,Operador A,0.929
B016,Z056,951.5,3.61,18729,Operador C,0.918
B016,Z057,921.7,3.49,26014,Operador C,0.877
B016,Z058,935.7,3.61,19099,Operador B,0.935
B016,Z059,862.8,3.32,19678,Operador A,0.946
B016,Z060,896.3,3.49,20450,Operador A,0.915
B017,Z001,962.4,3.71,26073,Operador C,0.897
B017,Z002,942.6,3.48,19040,Operador A,0.888
B017,Z003,985.4,3.72,20612,Operador B,0.879
B017,Z004,877.0,3.32,21248,Operador A,0.974
B017,Z005,993.4,3.63,23713,Operador B,0.964
B017,Z006,981.9,3.67,26053,Operador B,0.902
B017,Z007,899.0,3.43,21619,Operador C,0.968
B017,Z008,894.6,3.37,20169,Operador C,0.93
B017,Z009,872.3,3.28,21617,Operador B,0.875
B017,Z010,861.5,3.32,18564,Operador C,0.948
B017,Z011,714.1,2.88,19128,Operador B,0.898
B017,Z012,674.3,2.88,18931,Operador B,0.898
B017,Z013,677.6,2.79,19964,Operador A,0.893
B017,Z014,762.0,2.98,20155,Operador A,0.912
B017,Z015,703.8,3.0,18629,Operador A,0.895
B017,Z016,723.7,3.06,20353,Operador C,0.933
B017,Z017,703.9,3.0,16033,Operador B,0.945
B017,Z018,730.0,3.01,19634,Operador C,0.885
B017,Z019,644.5,2.73,16564,Operador B,0.925
B017,Z020,668.3,2.79,19541,Operador C,0.958
B017,Z021,1234.8,4.39,29344,Operador C,0.986
B017,Z022,1214.0,4.3,26146,Operador A,0.95
B017,Z023,1096.7,3.94,28257,Operador B,0.986
B017,Z024,1211.0,4.28,32701,Operador A,0.969
B017,Z025,1207.4,4.28,28769,Operador C,0.916
B017,Z026,1067.5,3.98,29144,Operador A,0.973
B017,Z027,1217.1,4.29,22943,Operador B,0.906
B017,Z028,1148.8,4.17,31494,Operador A,0.869
B017,Z029,1137.0,3.98,30763,Operador A,0.866
B017,Z030,1060.3,3.96,20617,Operador A,0.93
B017,Z031,10.8,0.79,3152,Operador C,0.949
B017,Z032,14.3,0.84,3229,Operador A,0.914
B017,Z033,8,0.87,3034,Operador A,0.922
B017,Z034,15.0,0.69,3254,Operador B,0.894
B017,Z035,8,0.77,3050,Operador C,0.938
B017,Z036,10.3,0.79,3089,Operador C,0.949
B017,Z037,11.5,0.83,3086,Operador C,0.964
B017,Z038,13.2,0.86,3110,Operador C,0.897
B017,Z039,8,0.7,3044,Operador A,0.931
B017,Z040,14.1,,3171,Operador C,0.899
B017,Z041,634.6,2.64,14555,Operador C,0.92
B017,Z042,593.9,2.57,17572,Operador A,0.909
B017,Z043,651.3,2.86,14298,Operador C,0.884
B017,Z044,607.2,2.64,13895,Operador C,0.905
B017,Z045,651.6,2.86,17815,Operador A,0.976
B017,Z046,617.0,2.65,15019,Operador B,0.972
B017,Z047,611.6,2.71,18427,Operador A,0.956
B017,Z048,607.3,2.68,15125,Operador B,0.909
B017,Z049,651.5,2.74,18837,Operador C,0.983
B017,Z050,602.7,2.53,16483,Operador A,0.973
B017,Z051,896.3,3.46,18479,Operador B,0.98
B017,Z052,874.4,3.45,20154,Operador B,0.946
B017,Z053,936.9,3.59,21682,Operador C,0.894
B017,Z054,903.2,3.38,22339,Operador B,0.933
B017,Z055,996.2,3.8,22740,Operador C,0.861
B017,Z056,863.0,3.27,19378,Operador C,0.938
B017,Z057,922.9,3.46,25283,Operador A,0.932
B017,Z058,948.6,3.51,25762,Operador A,0.941
B017,Z059,969.1,3.69,25020,Operador A,0.923
B017,Z060,891.0,3.32,19103,Operador A,0.861
B018,Z001,897.5,3.51,20249,Operador B,0.96
B018,Z002,946.3,3.57,21715,Operador C,0.874
B018,Z003,907.7,3.48,23636,Operador C,0.946
B018,Z004,882.8,3.44,23277,Operador A,0.943
B018,Z005,952.9,3.54,26602,Operador B,0.987
B018,Z006,879.6,3.46,21453,Operador B,0.958
B018,Z007,872.6,3.46,20135,Operador A,0.9
B018,Z008,904.0,3.45,18358,Operador C,0.874
B018,Z009,861.1,3.4,22605,Operador B,0.952
B018,Z010,990.1,3.59,23050,Operador B,0.955
B018,Z011,754.3,2.93,16013,Operador B,0.934
B018,Z012,750.9,2.99,17797,Operador A,0.984
B018,Z013,756.3,2.94,17763,Operador A,0.916
B018,Z014,691.5,2.87,15196,Operador A,0.99
B018,Z015,725.3,3.05,15737,Operador A,0.91
B018,Z016,679.7,2.81,19066,Operador B,0.883
B018,Z017,666.9,2.88,19397,Operador A,0.923
B018,Z018,725.0,2.96,17585,Operador A,0.891
B018,Z019,709.9,3.02,17769,Operador B,0.863
B018,Z020,664.1,2.81,15249,Operador C,0.974
B018,Z021,1112.3,4.1,21823,Operador A,0.867
B018,Z022,1084.9,4.04,24828,Operador C,0.92
B018,Z023,1078.0,3.86,26677,Operador C,0.888
B018,Z024,1080.9,4.01,22109,Operador A,0.897
B018,Z025,1101.4,3.89,20623,Operador C,0.96
B018,Z026,1177.4,4.24,30460,Operador C,0.939
B018,Z027,1143.2,4.08,25782,Operador C,0.96
B018,Z028,1108.9,4.0,26108,Operador A,0.979
B018,Z029,1208.1,4.34,30282,Operador C,0.916
B018,Z030,1120.2,4.11,29517,Operador A,0.94
B018,Z031,12.0,0.69,3158,Operador B,0.973
B018,Z032,9.8,0.87,3095,Operador A,0.893
B018,Z033,8,0.78,3029,Operador C,0.903
B018,Z034,14.1,0.69,3180,Operador B,0.907
B018,Z035,11.1,0.68,3114,Operador A,0.875
B018,Z036,8,180,3091,Operador C,0.954
B018,Z037,8,0.68,3041,Operador A,0.874
B018,Z038,12.8,0.74,3103,Operador A,0.986
B018,Z039,8,0.76,3083,Operador B,0.981
B018,Z040,20.4,0.75,3332,Operador B,0.939
B018,Z041,626.4,2.6,16436,Operador B,0.9
B018,Z042,618.7,2.72,18507,Operador A,0.93
B018,Z043,613.4,2.55,17064,Operador B,0.904
B018,Z044,639.3,2.64,16145,Operador C,0.884
B018,Z045,640.4,2.68,14829,Operador B,0.978
B018,Z046,634.7,2.75,18259,Operador B,0.952
B018,Z047,642.6,2.74,18045,Operador A,0.906
B018,Z048,625.2,2.59,13902,Operador B,0.936
B018,Z049,597.9,2.71,15494,Operador C,0.872
B018,Z050,632.8,2.65,18118,Operador B,0.89
B018,Z051,894.8,3.36,21703,Operador B,0.929
B018,Z052,889.9,3.3,21342,Operador C,0.973
B018,Z053,929.3,3.61,24106,Operador B,0.923
B018,Z054,952.3,3.54,26563,Operador C,0.949
B018,Z055,875.3,3.44,23660,Operador A,0.881
B018,Z056,928.9,3.43,23974,Operador C,0.947
B018,Z057,930.3,3.46,19331,Operador C,0.873
B018,Z058,900.7,3.49,17974,Operador B,0.867
B018,Z059,882.1,3.45,19413,Operador A,0.906
B018,Z060,848.5,3.33,17515,Operador B,0.977
B019,Z001,371.6,2.05,10016,Operador C,0.924
B019,Z002,402.6,2.08,12842,Operador A,0.966
B019,Z003,380.2,1.99,12510,Operador B,0.914
B019,Z004,368.7,1.97,11803,Operador B,0.904
B019,Z005,408.6,2.06,13566,Operador C,0.928
B019,Z006,392.8,2.1,12269,Operador B,0.935
B019,Z007,373.6,1.98,12468,Operador B,0.88
B019,Z008,394.2,2.11,11150,Operador C,0.91
B019,Z009,408.6,2.2,13302,Operador B,0.929
B019,Z010,387.1,2.13,10476,Operador C,0.877
B019,Z011,406.2,2.18,10634,Operador B,0.906
B019,Z012,409.3,2.02,11650,Operador A,0.951
B019,Z013,380.1,1.92,10324,Operador C,0.937
B019,Z014,389.8,2.1,10862,Operador C,0.94
B019,Z015,397.8,2.03,13074,Operador C,0.968
B019,Z016,391.0,1.99,9974,Operador C,0.886
B019,Z017,385.3,2.1,10741,Operador B,0.955
B019,Z018,391.0,2.1,13113,Operador A,0.989
B019,Z019,378.2,1.93,10878,Operador B,0.888
B019,Z020,399.1,2.06,10863,Operador C,0.968
B019,Z021,773.3,3.03,22221,Operador A,0.957
B019,Z022,705.2,2.84,20307,Operador C,0.986
B019,Z023,795.8,3.18,20027,Operador B,0.911
B019,Z024,731.9,2.89,19082,Operador A,0.988
B019,Z025,782.6,3.13,20232,Operador C,0.909
B019,Z026,732.2,2.97,20412,Operador A,0.899
B019,Z027,791.8,3.07,22602,Operador A,0.919
B019,Z028,802.5,3.06,22038,Operador C,0.96
B019,Z029,720.5,2.86,20336,Operador C,0.93
B019,Z030,715.7,2.94,20436,Operador C,0.878
B019,Z031,582.3,2.51,16211,Operador B,0.959
B019,Z032,563.5,2.54,14167,Operador A,0.892
B019,Z033,621.8,2.6,14929,Operador A,0.904
B019,Z034,572.0,2.45,17142,Operador A,0.906
B019,Z035,650.9,2.75,17630,Operador B,0.964
B019,Z036,641.1,2.66,14466,Operador A,0.939
B019,Z037,655.0,2.74,14233,Operador C,0.869
B019,Z038,620.0,2.66,15831,Operador A,0.984
B019,Z039,610.0,2.64,13710,Operador A,0.959
B019,Z040,605.7,2.57,13414,Operador C,0.987
B019,Z041,8.6,0.87,3041,Operador A,0.95
B019,Z042,8,0.78,3056,Operador B,0.918
B019,Z043,15.5,0.75,3258,Operador C,0.962
B019,Z044,12.3,0.83,3099,Operador C,0.885
B019,Z045,13.7,0.75,3124,Operador A,0.902
B019,Z046,21.0,0.84,3309,Operador A,0.96
B019,Z047,10.5,0.84,3123,Operador C,0.946
B019,Z048,10.2,0.87,3129,Operador A,0.895
B019,Z049,15.8,0.76,3142,Operador B,0.986
B019,Z050,8,0.72,3056,Operador A,0.957
B019,Z051,531.4,2.37,12839,Operador B,0.884
B019,Z052,514.3,2.41,15740,Operador A,0.96
B019,Z053,528.7,2.45,14067,Operador A,0.957
B019,Z054,477.8,2.22,13863,Operador A,0.931
B019,Z055,511.3,2.31,12846,Operador C,0.915
B019,Z056,511.7,2.46,16090,Operador A,0.879
B019,Z057,500.2,2.29,11895,Operador B,0.956
B019,Z058,548.7,2.57,15053,Operador C,0.948
B019,Z059,495.4,2.3,13183,Operador B,0.902
B019,Z060,514.1,2.4,14857,Operador C,0.898
B020,Z001,413.9,2.16,12897,Operador B,0.981
B020,Z002,378.8,2.03,12468,Operador C,0.984
B020,Z003,408.4,2.04,11727,Operador A,0.962
B020,Z004,415.4,2.09,13839,Operador A,0.966
B020,Z005,401.7,2.09,13266,Operador C,0.988
B020,Z006,384.6,2.04,12774,Operador C,0.917
B020,Z007,383.1,2.02,11741,Operador A,0.878
B020,Z008,403.7,2.14,11242,Operador B,0.986
B020,Z009,383.2,2.12,9937,Operador C,0.874
B020,Z010,402.4,2.12,10536,Operador C,0.972
B020,Z011,406.3,2.18,10610,Operador A,0.905
B020,Z012,411.0,2.09,12798,Operador B,0.907
B020,Z013,397.0,1.97,12752,Operador C,0.979
B020,Z014,399.4,2.11,10568,Operador C,0.947
B020,Z015,397.0,1.97,11244,Operador C,0.891
B020,Z016,370.7,1.94,11066,Operador B,0.956
B020,Z017,358.0,2.08,10340,Operador A,0.981
B020,Z018,365.6,2.03,10651,Operador A,0.962
B020,Z019,381.0,2.06,10482,Operador C,0.979
B020,Z020,393.6,2.04,11499,Operador A,0.885
B020,Z021,806.1,3.17,17218,Operador B,0.982
B020,Z022,782.4,3.07,18669,Operador B,0.899
B020,Z023,724.1,2.97,16726,Operador B,0.922
B020,Z024,681.4,2.77,15806,Operador B,0.964
B020,Z025,706.7,2.91,16124,Operador C,0.901
B020,Z026,709.3,2.96,15341,Operador C,0.922
B020,Z027,750.2,2.95,20470,Operador B,0.896
B020,Z028,708.8,3.01,20177,Operador C,0.935
B020,Z029,714.5,2.97,18160,Operador B,0.955
B020,Z030,797.6,3.07,22568,Operador A,0.974
B020,Z031,648.7,2.73,15270,Operador A,0.862
B020,Z032,655.2,2.85,16828,Operador C,0.969
B020,Z033,605.5,2.72,14996,Operador B,0.876
B020,Z034,584.6,2.52,13433,Operador A,0.865
B020,Z035,668.7,2.73,16734,Operador B,0.897
B020,Z036,614.9,2.64,18469,Operador C,0.889
B020,Z037,623.2,2.7,13447,Operador A,0.964
B020,Z038,634.6,2.66,13689,Operador C,0.957
B020,Z039,595.7,2.57,14982,Operador B,0.94
B020,Z040,641.3,2.8,15605,Operador C,0.933
B020,Z041,13.5,0.84,3190,Operador A,0.952
B020,Z042,8,0.79,3068,Operador C,0.959
B020,Z043,18.2,0.91,3299,Operador A,0.875
B020,Z044,13.2,0.85,3176,Operador B,0.969
B020,Z045,9.2,0.67,3058,Operador C,0.964
B020,Z046,16.4,0.87,3241,Operador B,0.877
B020,Z047,13.9,0.87,3125,Operador C,0.966
B020,Z048,8,0.73,3023,Operador B,0.973
B020,Z049,13.8,0.79,3206,Operador C,0.973
B020,Z050,8,0.73,3048,Operador C,0.931
B020,Z051,469.1,2.33,12441,Operador C,0.919
B020,Z052,512.6,2.33,15002,Operador C,0.948
B020,Z053,544.1,2.43,12718,Operador C,0.87
B020,Z054,551.6,2.51,14712,Operador C,0.958
B020,Z055,517.8,2.35,12688,Operador A,0.897
B020,Z056,550.7,2.56,16450,Operador C,0.935
B020,Z057,538.8,2.35,16716,Operador C,0.959
B020,Z058,504.8,2.32,15469,Operador B,0.912
B020,Z059,517.2,2.5,14091,Operador B,0.907
B020,Z060,521.2,2.5,13843,Operador B,0.985
B021,Z001,407.3,2.04,11162,Operador A,0.926
B021,Z002,367.7,2.03,12316,Operador B,0.919
B021,Z003,375.2,2.05,11741,Operador A,0.934
B021,Z004,370.2,2.06,11260,Operador A,0.964
B021,Z005,405.5,2.01,12182,Operador A,0.936
B021,Z006,383.6,2.14,11726,Operador A,0.862
B021,Z007,392.0,2.05,11511,Operador C,0.926
B021,Z008,411.0,2.19,10518,Operador C,0.897
B021,Z009,388.5,1.94,9901,Operador C,0.923
B021,Z010,395.4,2.15,11220,Operador C,0.969
B021,Z011,411.5,2.1,11852,Operador C,0.927
B021,Z012,397.0,2.14,12887,Operador B,0.874
B021,Z013,366.9,1.9,10710,Operador A,0.949
B021,Z014,412.9,2.06,11243,Operador C,0.9
B021,Z015,410.0,2.08,13132,Operador B,0.901
B021,Z016,416.8,2.04,11189,Operador C,0.894
B021,Z017,401.2,2.03,10864,Operador C,0.987
B021,Z018,358.9,2.05,9698,Operador B,0.965
B021,Z019,374.9,1.95,11946,Operador A,0.986
B021,Z020,385.7,1.95,10877,Operador B,0.951
B021,Z021,752.2,3.02,19753,Operador C,0.934
B021,Z022,696.8,2.92,20108,Operador B,0.914
B021,Z023,749.4,3.14,20765,Operador B,0.889
B021,Z024,711.6,3.0,20324,Operador A,0.966
B021,Z025,706.2,2.93,18552,Operador B,0.984
B021,Z026,792.0,3.18,18945,Operador C,0.888
B021,Z027,707.4,2.87,14933,Operador C,0.977
B021,Z028,766.7,3.09,16786,Operador A,0.863
B021,Z029,759.3,3.09,19914,Operador A,0.903
B021,Z030,789.3,3.06,19813,Operador A,0.936
B021,Z031,577.3,2.52,17243,Operador B,0.986
B021,Z032,623.8,2.74,13877,Operador A,0.897
B021,Z033,587.4,2.64,18024,Operador A,0.949
B021,Z034,578.6,2.61,15635,Operador B,0.905
B021,Z035,617.4,2.65,16798,Operador B,0.975
B021,Z036,650.1,2.66,16033,Operador A,0.874
B021,Z037,607.8,2.54,16870,Operador A,0.942
B021,Z038,675.8,2.92,16910,Operador B,0.973
B021,Z039,641.4,2.77,16811,Operador B,0.906
B021,Z040,600.3,2.72,15297,Operador C,0.927
B021,Z041,8.2,0.67,3026,Operador C,0.902
B021,Z042,8.5,0.88,3100,Operador C,0.948
B021,Z043,13.8,0.82,3211,Operador C,0.894
B021,Z044,8.5,0.83,3051,Operador C,0.967
B021,Z045,11.9,0.81,3139,Operador C,0.95
B021,Z046,18.1,0.82,3308,Operador A,0.906
B021,Z047,8.9,0.74,3103,Operador B,0.903
B021,Z048,8,0.83,3076,Operador A,0.98
B021,Z049,12.6,0.79,3183,Operador A,0.946
B021,Z050,8.0,0.68,3033,Operador C,0.925
B021,Z051,470.8,2.38,11381,Operador C,0.883
B021,Z052,492.4,2.44,15737,Operador C,0.861
B021,Z053,495.8,2.29,12532,Operador B,0.872
B021,Z054,478.8,2.23,14740,Operador A,0.915
B021,Z055,512.4,2.35,16171,Operador C,0.866
B021,Z056,483.2,2.21,14921,Operador A,0.974
B021,Z057,549.6,2.57,12641,Operador A,0.961
B021,Z058,544.3,2.5,13864,Operador A,0.903
B021,Z059,522.0,2.38,15758,Operador B,0.899
B021,Z060,550.3,2.55,13378,Operador B,0.894
B022,Z001,231.5,1.54,9178,Operador C,0.933
B022,Z002,229.2,1.68,8145,Operador C,0.897
B022,Z003,228.3,1.63,8902,Operador C,0.965
B022,Z004,224.5,1.65,8525,Operador C,0.969
B022,Z005,238.1,1.6,8444,Operador B,0.864
B022,Z006,254.6,1.74,10109,Operador C,0.877
B022,Z007,244.1,1.68,7679,Operador C,0.906
B022,Z008,217.3,1.66,8885,Operador C,0.954
B022,Z009,220.8,1.58,7783,Operador A,0.948
B022,Z010,249.3,1.7,7979,Operador A,0.965
B022,Z011,197.2,1.49,7350,Operador A,0.942
B022,Z012,198.2,1.46,7084,Operador B,0.908
B022,Z013,211.9,1.61,8055,Operador B,0.882
B022,Z014,196.1,1.5,7468,Operador C,0.912
B022,Z015,192.8,1.63,7593,Operador C,0.99
B022,Z016,218.0,1.59,7576,Operador A,0.881
B022,Z017,205.7,1.63,7181,Operador C,0.985
B022,Z018,200.0,1.55,8142,Operador C,0.919
B022,Z019,227.4,1.53,8537,Operador B,0.905
B022,Z020,225.6,1.61,7903,Operador C,0.916
B022,Z021,241.7,1.76,9452,Operador C,0.968
B022,Z022,223.0,1.52,7789,Operador A,0.894
B022,Z023,246.7,1.6,9873,Operador A,0.869
B022,Z024,251.8,1.57,8298,Operador B,0.926
B022,Z025,223.5,1.64,7597,Operador A,0.897
B022,Z026,261.4,1.61,8893,Operador B,0.887
B022,Z027,242.5,1.65,8735,Operador A,0.925
B022,Z028,244.8,1.68,9803,Operador C,0.944
B022,Z029,235.5,1.58,8622,Operador C,0.886
B022,Z030,243.4,1.63,9791,Operador C,0.959
B022,Z031,979.0,3.74,27377,Operador C,0.891
B022,Z032,916.2,3.37,19213,Operador A,0.879
B022,Z033,880.5,3.37,24979,Operador C,0.905
B022,Z034,972.9,3.53,26937,Operador A,0.861
B022,Z035,861.2,3.32,24249,Operador B,0.963
B022,Z036,982.2,3.63,21831,Operador B,0.913
B022,Z037,910.6,3.46,21032,Operador A,0.983
B022,Z038,916.6,3.58,22179,Operador A,0.93
B022,Z039,876.2,3.44,22622,Operador A,0.863
B022,Z040,885.8,3.32,17301,Operador B,0.917
B022,Z041,542.4,2.57,15461,Operador C,0.934
B022,Z042,553.1,2.46,12728,Operador A,0.921
B022,Z043,496.6,2.44,15820,Operador A,0.913
B022,Z044,501.4,2.25,15184,Operador B,0.946
B022,Z045,521.5,2.43,14417,Operador A,0.988
B022,Z046,529.4,2.35,14676,Operador B,0.896
B022,Z047,510.8,2.4,12216,Operador B,0.933
B022,Z048,541.1,2.36,13954,Operador C,0.942
B022,Z049,536.0,2.42,16087,Operador B,0.935
B022,Z050,488.9,2.41,14150,Operador C,0.875
B022,Z051,8,0.7,3076,Operador B,0.906
B022,Z052,10.9,0.68,3119,Operador B,0.974
B022,Z053,8,0.71,3090,Operador C,0.966
B022,Z054,8,0.85,3091,Operador B,0.987
B022,Z055,15.6,0.87,3238,Operador B,0.949
B022,Z056,14.9,0.78,3164,Operador B,0.93
B022,Z057,15.9,0.71,3183,Operador C,0.87
B022,Z058,8.8,0.75,3106,Operador B,0.935
B022,Z059,14.3,0.87,3153,Operador C,0.877
B022,Z060,11.3,0.79,3156,Operador B,0.962
B023,Z001,231.2,1.53,9316,Operador C,0.925
B023,Z002,250.3,1.71,9038,Operador C,0.947
B023,Z003,243.3,1.57,8317,Operador B,0.897
B023,Z004,222.6,1.67,7432,Operador A,0.939
B023,Z005,229.2,1.61,8806,Operador A,0.937
B023,Z006,241.2,1.75,9176,Operador B,0.948
B023,Z007,236.2,1.54,8875,Operador C,0.946
B023,Z008,237.0,1.69,8566,Operador A,0.904
B023,Z009,228.9,1.68,9309,Operador C,0.872
B023,Z010,248.6,1.58,9861,Operador C,0.973
B023,Z011,200.0,1.47,8569,Operador A,0.897
B023,Z012,216.0,1.47,7397,Operador A,0.904
B023,Z013,198.0,1.57,7876,Operador C,0.977
B023,Z014,213.2,1.66,7489,Operador B,0.964
B023,Z015,208.0,1.59,7285,Operador A,0.864
B023,Z016,221.3,1.69,8778,Operador C,0.896
B023,Z017,208.3,1.66,7400,Operador A,0.862
B023,Z018,201.7,1.57,7490,Operador B,0.936
B023,Z019,236.7,1.53,9033,Operador B,0.875
B023,Z020,206.7,1.58,7701,Operador A,0.967
B023,Z021,253.6,1.6,8062,Operador B,0.977
B023,Z022,250.8,1.59,8760,Operador C,0.987
B023,Z023,255.5,1.73,8712,Operador B,0.975
B023,Z024,246.7,1.58,7727,Operador C,0.944
B023,Z025,219.7,1.6,9232,Operador C,0.931
B023,Z026,260.7,1.75,8057,Operador C,0.882
B023,Z027,231.3,1.6,7821,Operador B,0.919
B023,Z028,234.9,1.53,8013,Operador A,0.892
B023,Z029,231.0,1.53,8118,Operador B,0.88
B023,Z030,263.0,1.72,9538,Operador C,0.945
B023,Z031,896.5,3.36,23483,Operador C,0.901
B023,Z032,841.2,3.21,22445,Operador C,0.892
B023,Z033,867.0,3.37,21726,Operador C,0.967
B023,Z034,872.8,3.27,19607,Operador C,0.939
B023,Z035,883.1,3.49,19005,Operador B,0.877
B023,Z036,938.8,3.63,18725,Operador B,0.974
B023,Z037,974.6,3.68,27164,Operador C,0.898
B023,Z038,987.8,3.57,24059,Operador C,0.982
B023,Z039,938.1,3.59,25578,Operador A,0.948
B023,Z040,900.2,3.51,21280,Operador A,0.885
B023,Z041,519.6,2.3,13721,Operador B,0.891
B023,Z042,480.9,2.25,13006,Operador B,0.908
B023,Z043,496.5,2.38,11846,Operador B,0.964
B023,Z044,484.0,2.38,13196,Operador B,0.988
B023,Z045,541.6,2.55,14918,Operador A,0.974
B023,Z046,532.4,2.51,14634,Operador C,0.96
B023,Z047,508.1,2.3,13536,Operador A,0.879
B023,Z048,532.9,2.36,13420,Operador C,0.955
B023,Z049,474.0,2.25,12915,Operador A,0.94
B023,Z050,509.4,2.43,15392,Operador A,0.99
B023,Z051,8,0.76,3077,Operador B,0.94
B023,Z052,8,0.76,3078,Operador A,0.975
B023,Z053,8,0.82,3034,Operador A,0.981
B023,Z054,8,0.84,3068,Operador C,0.948
B023,Z055,9.4,0.69,3114,Operador A,0.974
B023,Z056,14.6,0.85,3142,Operador A,0.937
B023,Z057,14.9,0.79,3138,Operador C,0.876
B023,Z058,8,0.68,3067,Operador C,0.982
B023,Z059,14.8,0.83,3175,Operador C,0.986
B023,Z060,14.6,0.83,3234,Operador B,0.907
B024,Z001,235.5,1.54,7616,Operador B,0.974
B024,Z002,257.7,1.79,9676,Operador B,0.907
B024,Z003,213.6,1.58,7419,Operador C,0.881
B024,Z004,226.1,1.52,8635,Operador C,0.874
B024,Z005,237.3,1.6,8214,Operador C,0.897
B024,Z006,221.4,1.54,8458,Operador B,0.868
B024,Z007,239.9,1.57,9499,Operador C,0.952
B024,Z008,248.8,1.64,8395,Operador B,0.932
B024,Z009,220.1,1.67,8100,Operador A,0.878
B024,Z010,231.2,1.52,9049,Operador A,0.966
B024,Z011,215.3,1.65,8521,Operador A,0.928
B024,Z012,187.5,1.44,8033,Operador B,0.94
B024,Z013,190.0,1.44,8476,Operador B,0.944
B024,Z014,209.0,1.65,7187,Operador B,0.985
B024,Z015,205.0,1.55,7674,Operador A,0.902
B024,Z016,200.9,1.48,8234,Operador C,0.878
B024,Z017,208.7,1.67,8171,Operador A,0.92
B024,Z018,189.0,1.51,8500,Operador C,0.876
B024,Z019,231.3,1.72,8384,Operador C,0.986
B024,Z020,197.2,1.62,7589,Operador C,0.924
B024,Z021,252.2,1.73,9831,Operador A,0.985
B024,Z022,245.8,1.59,8407,Operador A,0.921
B024,Z023,258.0,1.6,9050,Operador A,0.969
B024,Z024,235.6,1.6,9237,Operador A,0.922
B024,Z025,232.3,1.6,8036,Operador B,0.942
B024,Z026,238.4,1.73,8001,Operador B,0.883
B024,Z027,250.8,1.78,8441,Operador C,0.878
B024,Z028,241.5,1.6,8478,Operador A,0.875
B024,Z029,252.7,1.72,8909,Operador B,0.864
B024,Z030,266.5,1.83,9248,Operador C,0.871
B024,Z031,974.6,3.66,20540,Operador C,0.904
B024,Z032,856.1,3.21,18358,Operador B,0.944
B024,Z033,849.7,3.25,18006,Operador B,0.98
B024,Z034,931.5,3.51,19910,Operador B,0.923
B024,Z035,949.1,3.61,20586,Operador C,0.966
B024,Z036,936.3,3.61,20847,Operador C,0.954
B024,Z037,939.6,3.51,23262,Operador C,0.871
B024,Z038,907.3,3.39,20838,Operador A,0.886
B024,Z039,878.9,3.47,21714,Operador A,0.946
B024,Z040,966.7,3.62,19922,Operador A,0.892
B024,Z041,485.1,2.24,13202,Operador A,0.937
B024,Z042,497.0,2.4,12401,Operador B,0.954
B024,Z043,513.2,2.29,13490,Operador C,0.912
B024,Z044,523.9,2.39,13091,Operador A,0.931
B024,Z045,478.2,2.23,12935,Operador C,0.961
B024,Z046,456.8,2.2,13923,Operador B,0.947
B024,Z047,498.3,2.37,12253,Operador B,0.936
B024,Z048,500.4,2.33,15304,Operador A,0.965
B024,Z049,492.3,2.27,13976,Operador B,0.906
B024,Z050,520.2,2.46,15812,Operador B,0.887
B024,Z051,8,0.71,3026,Operador C,0.944
B024,Z052,9.9,0.85,3100,Operador A,0.953
B024,Z053,8,0.86,3056,Operador B,0.95
B024,Z054,8,0.72,3071,Operador B,0.904
B024,Z055,13.7,0.81,3182,Operador A,0.904
B024,Z056,12.6,0.8,3091,Operador A,0.902
B024,Z057,15.2,0.78,3242,Operador B,0.865
B024,Z058,8,0.71,3033,Operador C,0.954
B024,Z059,13.7,0.68,3212,Operador C,0.871
B024,Z060,9.7,0.67,3065,Operador B,0.985
B025,Z001,916.1,3.44,21366,Operador B,0.982
B025,Z002,878.4,3.47,20762,Operador B,0.887
B025,Z003,882.2,3.41,19328,Operador C,0.876
B025,Z004,882.6,3.29,23118,Operador A,0.985
B025,Z005,812.4,3.09,19352,Operador C,0.941
B025,Z006,857.1,3.34,19219,Operador B,0.861
B025,Z007,913.0,3.47,18852,Operador C,0.952
B025,Z008,824.9,3.14,17362,Operador C,0.878
B025,Z009,794.0,3.18,22723,Operador C,0.889
B025,Z010,884.6,3.44,20146,Operador A,0.975
B025,Z011,597.9,2.65,18038,Operador A,0.866
B025,Z012,623.4,2.75,17235,Operador A,0.888
B025,Z013,653.8,2.69,15650,Operador B,0.93
B025,Z014,572.5,2.44,15801,Operador A,0.972
B025,Z015,623.5,2.61,16352,Operador A,0.981
B025,Z016,569.4,2.63,13053,Operador B,0.89
B025,Z017,562.8,2.56,14143,Operador C,0.865
B025,Z018,587.7,2.68,14336,Operador A,0.941
B025,Z019,628.2,2.71,13621,Operador B,0.954
B025,Z020,627.5,2.76,18332,Operador A,0.905
B025,Z021,976.4,3.58,19930,Operador B,0.906
B025,Z022,1057.5,3.86,20128,Operador A,0.946
B025,Z023,959.8,3.55,24188,Operador B,0.936
B025,Z024,978.9,3.57,23255,Operador A,0.876
B025,Z025,1035.1,3.78,22879,Operador A,0.982
B025,Z026,1088.5,3.88,28722,Operador C,0.9
B025,Z027,1102.8,3.9,21187,Operador A,0.886
B025,Z028,1012.1,3.82,27838,Operador B,0.989
B025,Z029,967.0,3.6,19578,Operador B,0.944
B025,Z030,1046.2,3.83,26304,Operador C,0.883
B025,Z031,122.6,1.44,6039,Operador A,0.92
B025,Z032,119.7,1.39,6072,Operador C,0.956
B025,Z033,121.9,1.4,6463,Operador B,0.878
B025,Z034,133.0,1.37,6231,Operador C,0.897
B025,Z035,129.6,1.36,6645,Operador A,0.908
B025,Z036,118.0,1.32,6445,Operador B,0.969
B025,Z037,116.5,1.32,5841,Operador C,0.928
B025,Z038,136.5,1.29,6600,Operador C,0.958
B025,Z039,126.2,1.3,6107,Operador B,0.943
B025,Z040,142.6,1.41,7339,Operador C,0.883
B025,Z041,585.0,2.56,13618,Operador A,0.906
B025,Z042,570.1,2.43,13315,Operador C,0.969
B025,Z043,536.9,2.46,16310,Operador C,0.888
B025,Z044,587.1,2.64,12982,Operador C,0.934
B025,Z045,602.3,2.62,17315,Operador A,0.898
B025,Z046,580.4,2.48,13127,Operador C,0.899
B025,Z047,621.3,2.59,14131,Operador C,0.941
B025,Z048,550.2,2.49,16948,Operador C,0.865
B025,Z049,583.2,2.52,13213,Operador A,0.946
B025,Z050,570.7,2.52,13347,Operador A,0.908
B025,Z051,766.4,2.97,19114,Operador A,0.969
B025,Z052,881.3,3.3,19326,Operador B,0.953
B025,Z053,782.0,3.03,18563,Operador B,0.964
B025,Z054,816.6,3.31,22714,Operador C,0.883
B025,Z055,769.6,2.98,16380,Operador C,0.887
B025,Z056,880.4,3.43,23042,Operador A,0.95
B025,Z057,793.7,3.04,20558,Operador B,0.965
B025,Z058,801.1,3.22,18572,Operador B,0.878
B025,Z059,862.9,3.37,18195,Operador A,0.891
B025,Z060,866.5,3.43,23986,Operador C,0.868
B026,Z001,913.0,3.41,22330,Operador A,0.974
B026,Z002,837.3,3.27,20572,Operador A,0.957
B026,Z003,832.6,3.33,17078,Operador B,0.98
B026,Z004,847.0,3.23,20692,Operador A,0.931
B026,Z005,821.5,3.12,22822,Operador A,0.928
B026,Z006,890.3,3.3,19349,Operador B,0.988
B026,Z007,906.1,3.45,21905,Operador C,0.977
B026,Z008,806.7,3.14,18991,Operador C,0.898
B026,Z009,817.9,3.29,17228,Operador B,0.88
B026,Z010,838.6,3.34,19902,Operador A,0.909
B026,Z011,578.0,2.5,13288,Operador B,0.878
B026,Z012,663.6,2.69,17222,Operador A,0.941
B026,Z013,622.1,2.76,16101,Operador A,0.958
B026,Z014,653.0,2.73,14986,Operador B,0.941
B026,Z015,590.3,2.52,15066,Operador A,0.865
B026,Z016,600.2,2.58,18321,Operador A,0.959
B026,Z017,641.8,2.68,18315,Operador C,0.975
B026,Z018,635.4,2.82,16053,Operador B,0.9
B026,Z019,642.0,2.73,19223,Operador A,0.875
B026,Z020,589.9,2.67,14110,Operador B,0.988
B026,Z021,1104.8,4.1,26285,Operador A,0.901
B026,Z022,958.7,3.57,26156,Operador A,0.914
B026,Z023,1031.0,3.77,26526,Operador B,0.886
B026,Z024,1003.0,3.76,27073,Operador B,0.865
B026,Z025,1061.0,3.83,20644,Operador B,0.976
B026,Z026,985.9,3.61,25311,Operador B,0.971
B026,Z027,976.7,3.73,19093,Operador B,0.868
B026,Z028,999.7,3.64,21375,Operador B,0.873
B026,Z029,1066.5,3.91,21428,Operador A,0.98
B026,Z030,1011.1,3.7,19694,Operador C,0.964
B026,Z031,133.4,1.46,6796,Operador B,0.982
B026,Z032,129.9,1.43,6064,Operador C,0.931
B026,Z033,123.1,1.32,6261,Operador B,0.895
B026,Z034,127.2,1.32,6570,Operador A,0.966
B026,Z035,131.0,1.35,6984,Operador C,0.968
B026,Z036,127.7,1.32,6977,Operador A,0.931
B026,Z037,131.6,1.35,6474,Operador B,0.967
B026,Z038,132.7,1.34,7001,Operador B,0.954
B026,Z039,140.7,1.43,7361,Operador B,0.908
B026,Z040,155.0,1.37,7539,Operador A,0.921
B026,Z041,566.2,2.43,16978,Operador C,0.929
B026,Z042,628.5,2.8,16539,Operador C,0.884
B026,Z043,569.7,2.56,16606,Operador B,0.91
B026,Z044,575.4,2.66,13979,Operador A,0.941
B026,Z045,627.2,2.76,17565,Operador A,0.953
B026,Z046,643.4,2.77,18323,Operador A,0.931
B026,Z047,596.5,2.66,13123,Operador C,0.951
B026,Z048,605.0,2.7,14006,Operador C,0.95
B026,Z049,581.0,2.55,15105,Operador A,0.888
B026,Z050,574.0,2.6,17042,Operador B,0.875
B026,Z051,804.9,3.08,18875,Operador C,0.895
B026,Z052,807.3,3.18,23054,Operador C,0.907
B026,Z053,817.3,3.32,17336,Operador C,0.931
B026,Z054,855.7,3.21,23773,Operador B,0.95
B026,Z055,884.3,3.43,18806,Operador C,0.862
B026,Z056,812.4,3.3,20471,Operador C,0.907
B026,Z057,762.3,3.04,16079,Operador B,0.936
B026,Z058,841.5,3.32,21292,Operador A,0.871
B026,Z059,801.9,3.1,17612,Operador A,0.928
B026,Z060,852.1,3.34,17059,Operador C,0.955
B027,Z001,798.7,3.23,20611,Operador C,0.888
B027,Z002,908.6,3.43,25556,Operador A,0.94
B027,Z003,859.5,3.22,20503,Operador B,0.929
B027,Z004,886.0,3.31,23790,Operador C,0.877
B027,Z005,885.2,3.31,19929,Operador C,0.901
B027,Z006,889.4,3.49,22349,Operador C,0.961
B027,Z007,863.4,3.37,23137,Operador C,0.888
B027,Z008,876.2,3.42,20305,Operador B,0.99
B027,Z009,874.7,3.42,20925,Operador A,0.902
B027,Z010,835.3,3.35,22801,Operador B,0.951
B027,Z011,624.9,2.66,17976,Operador B,0.958
B027,Z012,632.1,2.73,18939,Operador C,0.962
B027,Z013,605.8,2.75,17098,Operador A,0.905
B027,Z014,631.9,2.76,16635,Operador B,0.927
B027,Z015,603.8,2.61,14724,Operador C,0.865
B027,Z016,622.8,2.58,14419,Operador C,0.927
B027,Z017,628.7,2.76,13493,Operador C,0.89
B027,Z018,645.4,2.72,17438,Operador C,0.916
B027,Z019,602.2,2.56,17941,Operador C,0.907
B027,Z020,592.0,2.66,17641,Operador C,0.956
B027,Z021,970.0,3.52,19170,Operador B,0.896
B027,Z022,1017.0,3.83,19944,Operador C,0.925
B027,Z023,1046.7,3.73,25345,Operador B,0.916
B027,Z024,1029.7,3.71,20387,Operador B,0.936
B027,Z025,1017.7,3.79,22438,Operador B,0.865
B027,Z026,1050.3,3.73,24080,Operador B,0.936
B027,Z027,1092.2,3.99,27570,Operador A,0.901
B027,Z028,1099.8,3.98,24677,Operador B,0.869
B027,Z029,1043.4,3.9,21022,Operador A,0.865
B027,Z030,991.7,3.6,20826,Operador B,0.978
B027,Z031,132.0,1.35,6703,Operador C,0.953
B027,Z032,112.7,1.4,6027,Operador C,0.89
B027,Z033,126.1,1.41,6394,Operador C,0.933
B027,Z034,123.5,1.28,6630,Operador B,0.966
B027,Z035,129.9,1.37,6791,Operador B,0.906
B027,Z036,119.3,1.32,6747,Operador B,0.976
B027,Z037,117.1,1.29,6069,Operador B,0.906
B027,Z038,136.1,1.42,6579,Operador B,0.98
B027,Z039,133.3,1.38,6290,Operador B,0.9
B027,Z040,144.5,1.42,6370,Operador C,0.985
B027,Z041,582.5,2.59,13067,Operador B,0.965
B027,Z042,629.5,2.76,16512,Operador A,0.955
B027,Z043,545.2,2.5,15501,Operador C,0.873
B027,Z044,605.4,2.55,13227,Operador C,0.968
B027,Z045,587.6,2.61,14343,Operador B,0.883
B027,Z046,586.4,2.49,17471,Operador A,0.967
B027,Z047,608.4,2.62,14201,Operador C,0.917
B027,Z048,620.7,2.6,13800,Operador A,0.957
B027,Z049,599.5,2.51,13481,Operador A,0.907
B027,Z050,585.1,2.57,16741,Operador B,0.867
B027,Z051,889.1,3.36,20628,Operador C,0.982
B027,Z052,845.3,3.38,22120,Operador B,0.888
B027,Z053,774.3,3.15,20221,Operador C,0.917
B027,Z054,787.9,3.19,15832,Operador C,0.875
B027,Z055,833.7,3.17,18394,Operador B,0.966
B027,Z056,882.8,3.3,23166,Operador A,0.953
B027,Z057,762.3,3.04,20687,Operador B,0.893
B027,Z058,829.5,3.31,17631,Operador B,0.944
B027,Z059,828.2,3.13,22442,Operador B,0.988
B027,Z060,867.7,3.24,17468,Operador B,0.988
B028,Z001,437.7,2.22,14246,Operador B,0.88
B028,Z002,463.7,2.2,12153,Operador C,0.918
B028,Z003,447.9,2.12,11774,Operador C,0.963
B028,Z004,466.0,2.21,12588,Operador A,0.866
B028,Z005,419.1,2.05,13843,Operador A,0.927
B028,Z006,424.9,2.25,12935,Operador A,0.891
B028,Z007,440.9,2.28,14291,Operador A,0.902
B028,Z008,430.9,2.12,10956,Operador B,0.978
B028,Z009,427.8,2.22,13503,Operador C,0.877
B028,Z010,462.3,2.15,12738,Operador A,0.947
B028,Z011,416.8,2.22,11164,Operador C,0.979
B028,Z012,364.9,1.92,12385,Operador A,0.912
B028,Z013,403.7,2.13,11188,Operador C,0.952
B028,Z014,411.8,2.08,11778,Operador A,0.978
B028,Z015,409.6,2.03,12495,Operador C,0.968
B028,Z016,386.5,2.07,12479,Operador C,0.861
B028,Z017,390.2,2.15,11147,Operador C,0.929
B028,Z018,415.1,2.09,13274,Operador C,0.886
B028,Z019,422.0,2.15,13240,Operador A,0.897
B028,Z020,425.1,2.21,12985,Operador C,0.957
B028,Z021,88.4,1.27,5856,Operador C,0.87
B028,Z022,86.9,1.21,5333,Operador C,0.978
B028,Z023,95.9,1.29,5804,Operador A,0.928
B028,Z024,97.8,1.25,6082,Operador C,0.869
B028,Z025,97.5,1.25,,Operador B,0.917
B028,Z026,94.3,1.3,6174,Operador A,0.978
B028,Z027,88.3,1.17,6098,Operador C,0.95
B028,Z028,101.3,1.3,6027,Operador B,0.884
B028,Z029,97.8,1.22,6151,Operador C,0.876
B028,Z030,92.6,1.16,6112,Operador C,0.974
B028,Z031,1033.5,3.89,24811,Operador B,0.919
B028,Z032,1078.7,3.96,24573,Operador A,0.913
B028,Z033,1013.4,3.72,24882,Operador C,0.952
B028,Z034,1098.0,3.98,25084,Operador A,0.901
B028,Z035,1174.2,4.15,28191,Operador C,0.893
B028,Z036,1050.1,3.75,26961,Operador C,0.959
B028,Z037,1052.5,3.77,22083,Operador B,0.94
B028,Z038,1121.3,3.94,25209,Operador B,0.963
B028,Z039,1038.6,3.7,20713,Operador A,0.942
B028,Z040,1181.8,4.13,28059,Operador C,0.942
B028,Z041,768.1,3.09,16437,Operador A,0.884
B028,Z042,722.0,2.86,18944,Operador B,0.87
B028,Z043,783.8,3.08,16595,Operador B,0.862
B028,Z044,774.6,3.14,19548,Operador C,0.91
B028,Z045,784.2,3.22,21514,Operador C,0.861
B028,Z046,730.2,2.96,18378,Operador B,0.976
B028,Z047,698.8,2.91,19384,Operador B,0.936
B028,Z048,721.8,2.87,18174,Operador C,0.87
B028,Z049,711.3,2.88,16610,Operador B,0.96
B028,Z050,815.2,3.2,20430,Operador C,0.91
B028,Z051,264.7,1.8,9486,Operador A,0.953
B028,Z052,246.2,1.69,8027,Operador A,0.981
B028,Z053,239.3,1.68,8267,Operador B,0.905
B028,Z054,248.7,1.7,8007,Operador B,0.935
B028,Z055,222.9,1.55,9055,Operador C,0.9
B028,Z056,222.3,1.63,8993,Operador A,0.935
B028,Z057,233.2,1.71,9197,Operador A,0.867
B028,Z058,244.5,1.66,8348,Operador C,0.929
B028,Z059,224.9,1.53,7680,Operador C,0.984
B028,Z060,235.7,1.59,8481,Operador B,0.861
B029,Z001,439.2,2.15,14299,Operador A,0.933
B029,Z002,476.8,2.22,11983,Operador A,0.926
B029,Z003,449.3,2.26,13215,Operador C,0.866
B029,Z004,475.0,2.34,13487,Operador A,0.884
B029,Z005,451.5,2.27,12908,Operador A,0.941
B029,Z006,473.3,2.27,13720,Operador B,0.873
B029,Z007,444.8,2.13,13943,Operador A,0.868
B029,Z008,470.8,2.37,14432,Operador A,0.965
B029,Z009,478.9,2.29,14626,Operador B,0.967
B029,Z010,499.3,2.38,13103,Operador A,0.961
B029,Z011,373.3,2.0,11716,Operador C,0.945
B029,Z012,384.7,2.14,11033,Operador A,0.917
B029,Z013,404.3,2.15,10416,Operador A,0.888
B029,Z014,402.7,2.08,13250,Operador B,0.868
B029,Z015,429.8,2.07,12142,Operador B,0.916
B029,Z016,435.5,2.21,12801,Operador C,0.929
B029,Z017,411.0,2.18,12320,Operador B,0.922
B029,Z018,435.8,2.11,11412,Operador A,0.885
B029,Z019,400.0,2.12,11952,Operador A,0.984
B029,Z020,382.2,2.09,11668,Operador B,0.932
B029,Z021,93.1,1.21,5719,Operador B,0.885
B029,Z022,93.2,1.29,5612,Operador A,0.942
B029,Z023,95.0,1.17,5612,Operador C,0.866
B029,Z024,98.7,1.27,5704,Operador C,0.877
B029,Z025,102.6,1.37,5985,Operador A,0.921
B029,Z026,104.0,1.36,6121,Operador A,0.867
B029,Z027,99.8,1.31,6099,Operador C,0.885
B029,Z028,104.5,1.23,5883,Operador A,0.982
B029,Z029,99.3,1.23,6284,Operador A,0.897
B029,Z030,97.7,1.17,6241,Operador C,0.861
B029,Z031,1185.4,4.22,31960,Operador B,0.934
B029,Z032,1147.7,4.02,27183,Operador A,0.916
B029,Z033,1063.1,3.77,21569,Operador B,0.879
B029,Z034,1089.7,3.96,21961,Operador C,0.95
B029,Z035,1076.2,3.97,25792,Operador C,0.938
B029,Z036,1169.8,4.14,22069,Operador B,0.883
B029,Z037,1061.4,3.77,26213,Operador A,0.874
B029,Z038,1043.5,3.83,23094,Operador B,0.872
B029,Z039,1144.0,4.01,24923,Operador B,0.959
B029,Z040,1100.9,4.06,28866,Operador B,0.94
B029,Z041,716.3,2.98,16106,Operador A,0.969
B029,Z042,739.3,3.06,19671,Operador C,0.972
B029,Z043,720.9,2.87,20321,Operador C,0.987
B029,Z044,712.7,2.95,16931,Operador C,0.936
B029,Z045,785.0,3.14,18564,Operador C,0.877
B029,Z046,717.1,2.98,17479,Operador B,0.869
B029,Z047,766.7,3.02,20735,Operador C,0.909
B029,Z048,742.5,2.97,17397,Operador B,0.905
B029,Z049,755.7,2.98,15938,Operador C,0.942
B029,Z050,793.2,3.17,17214,Operador C,0.864
B029,Z051,255.8,1.63,8843,Operador A,0.86
B029,Z052,234.3,1.71,7787,Operador C,0.91
B029,Z053,231.3,1.56,8637,Operador C,0.863
B029,Z054,250.9,1.57,9370,Operador B,0.956
B029,Z055,224.3,1.67,7422,Operador B,0.905
B029,Z056,241.7,1.58,9425,Operador C,0.943
B029,Z057,234.4,1.56,7571,Operador A,0.866
B029,Z058,226.5,1.65,8704,Operador B,0.878
B029,Z059,239.2,1.75,9635,Operador B,0.865
B029,Z060,225.9,1.69,7892,Operador A,0.915
B030,Z001,447.2,2.2,12716,Operador B,0.915
B030,Z002,435.7,2.23,13370,Operador C,0.953
B030,Z003,473.3,2.29,15348,Operador C,0.86
B030,Z004,454.4,2.26,12037,Operador C,0.91
B030,Z005,411.8,2.03,12892,Operador A,0.864
B030,Z006,463.5,2.17,14820,Operador A,0.887
B030,Z007,419.8,2.08,13385,Operador A,0.904
B030,Z008,441.7,2.2,10733,Operador C,0.884
B030,Z009,413.1,2.15,13544,Operador B,0.863
B030,Z010,468.5,2.31,13654,Operador C,0.887
B030,Z011,401.5,2.19,10796,Operador B,0.962
B030,Z012,412.9,2.09,10990,Operador C,0.931
B030,Z013,403.5,2.0,11708,Operador A,0.98
B030,Z014,387.9,1.97,11681,Operador C,0.96
B030,Z015,391.8,2.15,10319,Operador A,0.968
B030,Z016,413.5,2.2,11588,Operador A,0.926
B030,Z017,447.5,2.2,13213,Operador B,0.949
B030,Z018,386.4,2.12,11070,Operador A,0.866
B030,Z019,435.9,2.13,12191,Operador B,0.888
B030,Z020,415.9,2.13,11800,Operador A,0.868
B030,Z021,97.0,1.36,5868,Operador A,0.903
B030,Z022,82.5,1.19,5526,Operador B,0.914
B030,Z023,95.9,1.34,6242,Operador C,0.984
B030,Z024,105.3,1.28,6295,Operador A,0.935
B030,Z025,106.3,1.3,6474,Operador B,0.968
B030,Z026,99.0,1.22,5703,Operador C,0.921
B030,Z027,98.4,1.33,5567,Operador A,0.951
B030,Z028,99.5,1.17,6183,Operador B,0.862
B030,Z029,102.7,1.34,5845,Operador B,0.884
B030,Z030,91.4,1.15,5791,Operador C,0.974
B030,Z031,1131.8,3.97,28720,Operador B,0.922
B030,Z032,1055.2,3.74,27619,Operador A,0.87
B030,Z033,1150.6,4.11,27110,Operador C,0.941
B030,Z034,1057.4,3.8,21587,Operador B,0.93
B030,Z035,1183.6,4.25,31675,Operador C,0.932
B030,Z036,1141.8,4.0,23488,Operador B,0.94
B030,Z037,1061.3,3.85,25443,Operador A,0.891
B030,Z038,1075.4,3.91,25672,Operador C,0.887
B030,Z039,1028.6,3.7,22808,Operador C,0.927
B030,Z040,1099.2,3.87,22708,Operador C,0.889
B030,Z041,787.6,3.12,19088,Operador B,0.948
B030,Z042,718.9,2.91,17129,Operador B,0.982
B030,Z043,768.5,3.01,22146,Operador C,0.947
B030,Z044,733.2,3.09,15622,Operador B,0.947
B030,Z045,752.2,3.13,16429,Operador A,0.888
B030,Z046,753.5,2.95,18910,Operador A,0.934
B030,Z047,724.4,2.94,20988,Operador A,0.879
B030,Z048,794.8,3.18,19977,Operador B,0.938
B030,Z049,711.1,3.03,16435,Operador A,0.919
B030,Z050,752.5,3.02,17839,Operador A,0.9
B030,Z051,226.2,1.56,9008,Operador C,0.941
B030,Z052,244.5,1.73,9224,Operador C,0.978
B030,Z053,220.0,1.57,9012,Operador C,0.964
B030,Z054,238.6,1.61,9208,Operador C,0.981
B030,Z055,238.2,1.54,7674,Operador A,0.972
B030,Z056,225.3,1.66,7421,Operador C,0.937
B030,Z057,234.9,1.62,9336,Operador C,0.953
B030,Z058,214.8,1.67,9106,Operador B,0.89
B030,Z059,224.7,1.6,7692,Operador C,0.879
B030,Z060,246.5,1.75,9787,Operador B,0.866
B031,Z001,973.0,3.58,20099,Operador C,0.966
B031,Z002,959.5,3.66,26359,Operador C,0.971
B031,Z003,897.5,3.41,21757,Operador B,0.98
B031,Z004,986.0,3.58,21646,Operador C,0.944
B031,Z005,985.4,3.65,25437,Operador C,0.87
B031,Z006,1002.2,3.67,21094,Operador A,0.973
B031,Z007,1013.9,3.71,25458,Operador C,0.955
B031,Z008,1012.6,3.64,25504,Operador B,0.877
B031,Z009,1021.7,3.79,25059,Operador A,0.922
B031,Z010,994.1,3.73,23976,Operador C,0.95
B031,Z011,783.0,3.03,20026,Operador B,0.909
B031,Z012,736.6,3.04,19204,Operador B,0.957
B031,Z013,771.9,3.0,21030,Operador C,0.895
B031,Z014,757.7,2.95,18269,Operador B,0.949
B031,Z015,789.8,3.08,21524,Operador A,0.955
B031,Z016,719.8,3.03,15218,Operador A,0.867
B031,Z017,764.2,3.02,17003,Operador A,0.962
B031,Z018,787.2,3.2,17010,Operador C,0.895
B031,Z019,700.3,2.9,16067,Operador B,0.868
B031,Z020,772.6,3.11,19618,Operador C,0.98
B031,Z021,1168.9,4.14,29337,Operador A,0.984
B031,Z022,1118.2,3.99,25327,Operador C,0.876
B031,Z023,1267.5,4.45,28541,Operador B,0.941
B031,Z024,1197.6,4.21,25447,Operador B,0.984
B031,Z025,1216.9,4.3,24850,Operador A,0.919
B031,Z026,1238.0,4.37,24361,Operador A,0.924
B031,Z027,1289.0,4.5,34092,Operador C,0.91
B031,Z028,1243.0,4.27,31821,Operador C,0.958
B031,Z029,1122.0,3.94,26236,Operador A,0.899
B031,Z030,1288.3,4.55,30226,Operador C,0.939
B031,Z031,96.6,1.31,5708,Operador A,0.886
B031,Z032,112.2,1.31,6066,Operador A,0.908
B031,Z033,106.4,1.28,6139,Operador B,0.932
B031,Z034,87.8,1.22,5986,Operador A,0.988
B031,Z035,87.1,1.27,5437,Operador C,0.946
B031,Z036,105.0,1.32,6014,Operador A,0.863
B031,Z037,95.5,1.27,5461,Operador A,0.904
B031,Z038,99.7,1.29,5547,Operador B,0.94
B031,Z039,87.2,1.32,5771,Operador C,0.914
B031,Z040,83.3,1.15,5276,Operador C,0.862
B031,Z041,661.6,2.71,19196,Operador C,0.985
B031,Z042,581.2,2.63,13127,Operador C,0.945
B031,Z043,651.0,2.82,16884,Operador B,0.939
B031,Z044,596.1,2.71,17109,Operador C,0.926
B031,Z045,594.0,2.61,13338,Operador A,0.934
B031,Z046,668.1,2.74,19199,Operador B,0.973
B031,Z047,585.9,2.57,16947,Operador B,0.879
B031,Z048,624.4,2.76,17030,Operador B,0.888
B031,Z049,655.0,2.69,14615,Operador B,0.94
B031,Z050,651.8,2.83,17593,Operador C,0.944
B031,Z051,985.6,3.61,20417,Operador B,0.989
B031,Z052,916.1,3.55,19417,Operador A,0.978
B031,Z053,981.6,3.7,22105,Operador B,0.861
B031,Z054,924.0,3.41,20746,Operador B,0.868
B031,Z055,906.7,3.39,20971,Operador A,0.957
B031,Z056,1034.5,3.87,21922,Operador A,0.868
B031,Z057,990.2,3.59,20489,Operador B,0.949
B031,Z058,959.6,3.68,21274,Operador C,0.958
B031,Z059,967.0,3.7,20437,Operador A,0.97
B031,Z060,921.7,3.55,23198,Operador B,0.959
B032,Z001,912.5,3.55,19493,Operador C,0.925
B032,Z002,948.9,3.52,19240,Operador C,0.892
B032,Z003,901.4,3.35,20911,Operador A,0.888
B032,Z004,903.1,3.48,18486,Operador C,0.984
B032,Z005,928.4,3.42,18777,Operador A,0.884
B032,Z006,970.8,3.57,23938,Operador C,0.879
B032,Z007,993.3,3.64,27754,Operador B,0.988
B032,Z008,999.2,3.66,21228,Operador A,0.888
B032,Z009,1029.0,3.87,26663,Operador C,0.894
B032,Z010,962.2,3.67,25828,Operador A,0.92
B032,Z011,729.5,2.91,19071,Operador C,0.861
B032,Z012,772.4,3.04,17766,Operador B,0.86
B032,Z013,774.6,3.06,18807,Operador C,0.923
B032,Z014,806.7,3.27,21018,Operador A,0.938
B032,Z015,739.4,3.11,21180,Operador A,0.921
B032,Z016,744.8,3.09,16077,Operador C,0.894
B032,Z017,722.9,2.85,17691,Operador A,0.876
B032,Z018,803.7,3.08,19427,Operador A,0.918
B032,Z019,752.9,3.06,16662,Operador B,0.981
B032,Z020,798.7,3.1,21311,Operador A,0.971
B032,Z021,1125.2,4.02,21667,Operador A,0.934
B032,Z022,1256.0,4.38,25083,Operador C,0.929
B032,Z023,1219.7,4.39,32685,Operador C,0.868
B032,Z024,1234.2,4.27,31036,Operador C,0.878
B032,Z025,1154.8,4.03,21775,Operador B,0.935
B032,Z026,1273.5,4.42,27864,Operador C,0.86
B032,Z027,1150.9,4.1,26026,Operador B,0.874
B032,Z028,1255.1,4.4,33741,Operador B,0.968
B032,Z029,1285.8,4.39,32584,Operador A,0.92
B032,Z030,1251.6,4.3,28283,Operador A,0.871
B032,Z031,112.5,1.2,5888,Operador B,0.885
B032,Z032,105.4,1.18,6285,Operador A,0.977
B032,Z033,101.0,1.37,6247,Operador C,0.939
B032,Z034,103.4,1.28,6245,Operador B,0.922
B032,Z035,94.3,1.3,6036,Operador B,0.949
B032,Z036,106.6,1.34,5620,Operador C,0.936
B032,Z037,112.1,1.28,6059,Operador A,0.87
B032,Z038,111.1,1.24,6060,Operador C,0.957
B032,Z039,92.4,1.36,6145,Operador A,0.924
B032,Z040,90.0,1.21,5662,Operador A,0.884
B032,Z041,581.7,2.6,13953,Operador A,0.929
B032,Z042,649.0,2.69,19548,Operador C,0.881
B032,Z043,587.0,2.5,15894,Operador A,0.934
B032,Z044,573.4,2.46,12711,Operador B,0.913
B032,Z045,584.6,2.67,15706,Operador B,0.888
B032,Z046,641.0,2.71,15083,Operador A,0.872
B032,Z047,646.1,2.69,18081,Operador B,0.953
B032,Z048,592.3,2.7,15731,Operador B,0.926
B032,Z049,676.4,2.76,18301,Operador B,0.932
B032,Z050,640.8,2.69,19295,Operador B,0.979
B032,Z051,1041.3,3.73,28583,Operador B,0.931
B032,Z052,1031.6,3.81,24416,Operador B,0.945
B032,Z053,1049.4,3.94,27161,Operador B,0.894
B032,Z054,1035.6,3.77,27868,Operador B,0.871
B032,Z055,948.0,3.59,22537,Operador A,0.864
B032,Z056,987.2,3.71,18982,Operador A,0.885
B032,Z057,1040.0,3.73,25878,Operador C,0.971
B032,Z058,1014.6,3.77,21879,Operador B,0.888
B032,Z059,908.4,3.49,20602,Operador A,0.883
B032,Z060,1043.0,3.77,21442,Operador C,0.865
B033,Z001,924.9,3.41,20339,Operador A,0.949
B033,Z002,1005.4,3.61,20841,Operador B,0.928
B033,Z003,936.9,3.6,20930,Operador B,0.923
B033,Z004,912.3,3.57,25764,Operador B,0.897
B033,Z005,992.1,3.67,21463,Operador A,0.901
B033,Z006,1007.0,3.65,26306,Operador B,0.876
B033,Z007,986.1,3.71,26696,Operador A,0.948
B033,Z008,993.9,3.71,21901,Operador B,0.891
B033,Z009,910.2,3.42,20239,Operador A,0.985
B033,Z010,909.0,3.36,24226,Operador B,0.961
B033,Z011,772.8,3.11,21662,Operador A,0.954
B033,Z012,779.6,3.17,17611,Operador C,0.864
B033,Z013,810.1,3.14,19276,Operador C,0.871
B033,Z014,786.8,3.11,19002,Operador A,0.924
B033,Z015,804.1,3.18,19960,Operador A,0.913
B033,Z016,695.2,2.91,19054,Operador C,0.943
B033,Z017,709.5,2.97,14968,Operador C,0.988
B033,Z018,732.0,3.02,16762,Operador C,0.883
B033,Z019,720.5,2.95,16427,Operador B,0.967
B033,Z020,701.2,2.94,19561,Operador A,0.952
B033,Z021,1225.7,4.32,33393,Operador B,0.974
B033,Z022,1200.0,4.32,31353,Operador B,0.986
B033,Z023,1159.3,4.1,22317,Operador C,0.878
B033,Z024,1094.2,3.95,28575,Operador C,0.97
B033,Z025,1257.8,4.47,24966,Operador B,0.919
B033,Z026,1273.7,4.39,23708,Operador B,0.961
B033,Z027,1234.4,4.35,32481,Operador B,0.985
B033,Z028,1203.9,4.15,28489,Operador B,0.964
B033,Z029,1162.9,4.14,23117,Operador B,0.865
B033,Z030,1240.3,4.33,29924,Operador A,0.946
B033,Z031,93.8,1.17,5597,Operador C,0.943
B033,Z032,107.7,1.34,6530,Operador B,0.886
B033,Z033,99.4,1.26,6343,Operador C,0.963
B033,Z034,85.8,1.29,5677,Operador A,0.872
B033,Z035,94.8,1.17,5890,Operador A,0.913
B033,Z036,98.0,1.33,6273,Operador B,0.941
B033,Z037,105.8,1.36,6332,Operador B,0.954
B033,Z038,89.1,1.16,5655,Operador B,0.938
B033,Z039,84.7,1.14,5575,Operador B,0.973
B033,Z040,74.7,1.1,5737,Operador A,0.951
B033,Z041,659.6,2.83,13909,Operador A,0.892
B033,Z042,590.3,2.58,14190,Operador B,0.881
B033,Z043,634.3,2.72,17347,Operador B,0.976
B033,Z044,580.0,2.6,17072,Operador B,0.919
B033,Z045,675.7,2.8,15958,Operador A,0.985
B033,Z046,615.2,2.73,13506,Operador C,0.918
B033,Z047,641.5,2.63,16869,Operador C,0.931
B033,Z048,667.3,2.89,19739,Operador B,0.923
B033,Z049,591.6,2.51,16091,Operador B,0.914
B033,Z050,577.5,2.6,12907,Operador A,0.936
B033,Z051,1033.0,3.7,27835,Operador C,0.889
B033,Z052,947.9,3.6,22653,Operador B,0.952
B033,Z053,1027.4,3.81,22371,Operador C,0.878
B033,Z054,938.4,3.51,19578,Operador A,0.923
B033,Z055,957.0,3.63,23980,Operador B,0.903
B033,Z056,978.9,3.54,19871,Operador B,0.885
B033,Z057,902.5,3.37,25391,Operador A,0.893
B033,Z058,1002.3,3.78,20270,Operador C,0.968
B033,Z059,987.2,3.62,26939,Operador A,0.958
B033,Z060,966.5,3.6,24318,Operador B,0.863
B034,Z001,971.1,3.52,20361,Operador B,0.91
B034,Z002,849.8,3.22,18902,Operador B,0.91
B034,Z003,921.1,3.46,19553,Operador A,0.886
B034,Z004,862.5,3.26,24300,Operador B,0.963
B034,Z005,988.7,3.61,21219,Operador B,0.892
B034,Z006,905.6,3.51,20024,Operador C,0.987
B034,Z007,920.5,3.42,20757,Operador B,0.899
B034,Z008,905.5,3.55,21013,Operador A,0.95
B034,Z009,934.8,3.62,22405,Operador B,0.949
B034,Z010,948.5,3.56,24583,Operador B,0.971
B034,Z011,668.2,2.86,16629,Operador C,0.972
B034,Z012,704.3,2.85,17386,Operador B,0.967
B034,Z013,753.1,2.98,17265,Operador C,0.895
B034,Z014,707.5,2.9,18112,Operador A,0.874
B034,Z015,696.2,2.84,18240,Operador B,0.93
B034,Z016,686.1,2.85,18180,Operador A,0.867
B034,Z017,635.2,2.63,16396,Operador B,0.924
B034,Z018,690.9,2.78,14893,Operador C,0.892
B034,Z019,686.7,2.89,17278,Operador B,0.911
B034,Z020,658.4,2.87,18680,Operador B,0.968
B034,Z021,1124.6,4.05,27552,Operador A,0.975
B034,Z022,1079.2,3.99,26580,Operador C,0.95
B034,Z023,1096.9,3.96,22253,Operador B,0.885
B034,Z024,1119.5,3.98,29009,Operador C,0.98
B034,Z025,1151.5,4.1,25124,Operador A,0.957
B034,Z026,1085.6,3.86,24388,Operador C,0.985
B034,Z027,1203.4,4.24,26158,Operador C,0.977
B034,Z028,1094.7,3.89,24155,Operador A,0.873
B034,Z029,1073.2,3.82,23378,Operador B,0.972
B034,Z030,1115.7,4.02,30742,Operador A,0.86
B034,Z031,19.7,1.08,4300,Operador B,0.939
B034,Z032,9.9,1.01,4218,Operador C,0.91
B034,Z033,10.8,1.14,4191,Operador B,0.92
B034,Z034,8,1.12,4189,Operador C,0.919
B034,Z035,18.0,1.07,4416,Operador A,0.908
B034,Z036,14.5,0.97,4272,Operador B,0.986
B034,Z037,12.0,1.01,4257,Operador A,0.936
B034,Z038,23.7,1.13,4460,Operador B,0.924
B034,Z039,15.0,0.95,4328,Operador C,0.949
B034,Z040,20.5,1.01,4416,Operador B,0.981
B034,Z041,555.7,2.58,13971,Operador C,0.883
B034,Z042,566.2,2.47,17076,Operador A,0.981
B034,Z043,640.2,2.69,17744,Operador B,0.98
B034,Z044,585.5,2.61,14713,Operador A,0.922
B034,Z045,644.1,2.83,17363,Operador C,0.947
B034,Z046,583.9,2.6,17720,Operador C,0.888
B034,Z047,596.5,2.69,18269,Operador A,0.867
B034,Z048,635.4,2.72,17232,Operador B,0.931
B034,Z049,646.5,2.67,16605,Operador B,0.937
B034,Z050,615.0,2.68,16987,Operador B,0.979
B034,Z051,944.5,3.59,19906,Operador B,0.866
B034,Z052,882.5,3.28,19254,Operador A,0.948
B034,Z053,861.4,3.35,19609,Operador A,0.951
B034,Z054,897.2,3.48,21535,Operador A,0.961
B034,Z055,895.8,3.53,24973,Operador B,0.924
B034,Z056,888.9,3.32,17352,Operador B,0.957
B034,Z057,964.0,3.63,24959,Operador B,0.929
B034,Z058,839.2,3.33,22775,Operador A,0.975
B034,Z059,971.9,3.54,24420,Operador C,0.973
B034,Z060,895.6,3.34,23138,Operador C,0.903
B035,Z001,982.3,3.67,21955,Operador B,0.864
B035,Z002,883.6,3.42,25180,Operador A,0.964
B035,Z003,932.0,3.46,19140,Operador B,0.911
B035,Z004,987.3,3.69,26129,Operador C,0.98
B035,Z005,916.4,3.55,21413,Operador C,0.9
B035,Z006,873.6,3.42,23733,Operador B,0.986
B035,Z007,905.5,3.43,23882,Operador C,0.882
B035,Z008,984.8,3.72,19393,Operador A,0.92
B035,Z009,910.0,3.5,18722,Operador C,0.906
B035,Z010,939.1,3.62,21817,Operador B,0.973
B035,Z011,669.6,2.75,14068,Operador C,0.927
B035,Z012,703.7,2.98,18948,Operador B,0.973
B035,Z013,732.1,2.97,16719,Operador C,0.959
B035,Z014,653.2,2.72,19438,Operador C,0.894
B035,Z015,746.9,3.08,16465,Operador B,0.884
B035,Z016,666.0,2.84,18857,Operador B,0.917
B035,Z017,709.0,2.83,15308,Operador B,0.894
B035,Z018,705.2,2.94,19337,Operador A,0.964
B035,Z019,732.1,2.96,19831,Operador C,0.937
B035,Z020,701.1,2.99,18484,Operador C,0.902
B035,Z021,1178.9,4.29,30218,Operador C,0.974
B035,Z022,1094.6,4.0,27935,Operador A,0.962
B035,Z023,1093.0,4.04,27465,Operador C,0.922
B035,Z024,1104.9,3.95,26279,Operador B,0.968
B035,Z025,1099.7,3.91,25856,Operador B,0.979
B035,Z026,1185.7,4.12,31318,Operador A,0.987
B035,Z027,1047.4,3.85,21037,Operador A,0.96
B035,Z028,1189.1,4.19,23395,Operador C,0.944
B035,Z029,1068.3,3.88,27792,Operador A,0.979
B035,Z030,1131.2,3.95,31001,Operador C,0.943
B035,Z031,20.3,0.98,4466,Operador B,0.987
B035,Z032,12.2,0.99,4262,Operador C,0.926
B035,Z033,11.7,1.1,4226,Operador A,0.983
B035,Z034,8,0.95,4173,Operador A,0.882
B035,Z035,19.0,0.98,4318,Operador B,0.934
B035,Z036,15.7,0.99,4274,Operador B,0.86
B035,Z037,15.2,0.96,4297,Operador A,0.92
B035,Z038,23.4,0.97,4374,Operador A,0.982
B035,Z039,13.7,1.0,4253,Operador A,0.877
B035,Z040,19.6,1.14,4377,Operador A,0.901
B035,Z041,550.0,2.42,12392,Operador A,0.9
B035,Z042,654.5,2.76,14883,Operador B,0.912
B035,Z043,606.9,2.6,16860,Operador A,0.947
B035,Z044,623.5,2.65,18795,Operador B,0.895
B035,Z045,626.3,2.8,18373,Operador B,0.946
B035,Z046,605.8,2.61,18407,Operador A,0.95
B035,Z047,626.5,2.63,14886,Operador C,0.927
B035,Z048,659.3,2.79,16000,Operador A,0.985
B035,Z049,654.3,2.66,16573,Operador A,0.962
B035,Z050,597.9,2.56,15464,Operador A,0.91
B035,Z051,919.0,3.38,20845,Operador A,0.862
B035,Z052,846.7,3.26,17959,Operador B,0.899
B035,Z053,903.9,3.34,25267,Operador A,0.982
B035,Z054,889.9,3.3,21942,Operador A,0.879
B035,Z055,871.1,3.38,18831,Operador C,0.931
B035,Z056,941.4,3.48,18473,Operador B,0.943
B035,Z057,900.6,3.4,17828,Operador B,0.876
B035,Z058,938.1,3.44,21217,Operador A,0.91
B035,Z059,865.0,3.3,21915,Operador A,0.943
B035,Z060,917.0,3.54,18367,Operador B,0.957
B036,Z001,883.2,3.33,20274,Operador A,0.983
B036,Z002,986.0,3.77,23047,Operador B,0.979
B036,Z003,862.2,3.32,21984,Operador A,0.989
B036,Z004,958.1,3.68,18545,Operador C,0.947
B036,Z005,896.3,3.5,18838,Operador C,0.987
B036,Z006,866.9,3.24,24163,Operador C,0.918
B036,Z007,881.8,3.41,18204,Operador B,0.966
B036,Z008,954.9,3.65,22088,Operador A,0.973
B036,Z009,901.0,3.48,19682,Operador A,0.976
B036,Z010,901.1,3.37,25143,Operador C,0.945
B036,Z011,693.6,2.94,18586,Operador B,0.881
B036,Z012,667.0,2.89,19733,Operador B,0.897
B036,Z013,726.3,3.03,19484,Operador A,0.942
B036,Z014,653.7,2.74,18868,Operador A,0.947
B036,Z015,683.3,2.76,17605,Operador B,0.935
B036,Z016,664.8,2.72,19783,Operador B,0.938
B036,Z017,699.9,2.79,17663,Operador A,0.916
B036,Z018,734.7,3.08,20510,Operador B,0.975
B036,Z019,695.1,2.96,16349,Operador B,0.976
B036,Z020,746.5,2.98,16196,Operador B,0.908
B036,Z021,1060.8,3.8,28923,Operador A,0.975
B036,Z022,1208.5,4.24,24585,Operador A,0.868
B036,Z023,1084.0,3.99,28092,Operador B,0.889
B036,Z024,1061.3,3.79,23575,Operador C,0.944
B036,Z025,1063.3,3.77,23276,Operador C,0.884
B036,Z026,1066.3,3.98,24733,Operador B,0.889
B036,Z027,1214.9,4.36,32575,Operador C,0.899
B036,Z028,1160.2,4.05,26144,Operador B,0.987
B036,Z029,1088.8,3.89,28593,Operador B,0.957
B036,Z030,1083.6,3.99,23803,Operador A,0.878
B036,Z031,24.4,1.03,4524,Operador A,0.942
B036,Z032,9.1,0.96,4163,Operador A,0.954
B036,Z033,12.6,1.12,4239,Operador B,0.933
B036,Z034,8,1.09,4178,Operador A,0.97
B036,Z035,22.3,1.1,4392,Operador C,0.895
B036,Z036,16.3,1.03,4358,Operador C,0.866
B036,Z037,14.6,0.96,4263,Operador B,0.865
B036,Z038,25.2,1.0,4424,Operador A,0.977
B036,Z039,17.2,0.97,4363,Operador C,0.915
B036,Z040,23.6,1.1,4451,Operador A,0.875
B036,Z041,611.4,2.66,18512,Operador C,0.872
B036,Z042,621.1,2.58,14821,Operador B,0.985
B036,Z043,620.1,2.71,17026,Operador C,0.941
B036,Z044,598.1,2.63,16786,Operador A,0.869
B036,Z045,658.4,2.72,16452,Operador B,0.932
B036,Z046,659.5,2.84,15912,Operador A,0.967
B036,Z047,611.6,2.62,13681,Operador B,0.891
B036,Z048,654.6,2.7,18648,Operador C,0.971
B036,Z049,604.5,2.6,14584,Operador B,0.988
B036,Z050,603.4,2.74,15226,Operador C,0.925
B036,Z051,872.8,3.41,17571,Operador C,0.937
B036,Z052,955.9,3.64,21378,Operador A,0.872
B036,Z053,904.5,3.51,24150,Operador A,0.911
B036,Z054,961.1,3.51,24525,Operador A,0.895
B036,Z055,879.2,3.38,24913,Operador C,0.865
B036,Z056,903.4,3.52,21087,Operador B,0.977
B036,Z057,910.5,3.55,21504,Operador C,0.953
B036,Z058,928.6,3.41,21018,Operador C,0.905
B036,Z059,937.6,3.63,22559,Operador C,0.896
B036,Z060,962.1,3.66,23975,Operador C,0.862
B037,Z001,864.2,3.34,20739,Operador C,0.95
B037,Z002,970.1,3.55,23902,Operador B,0.91
B037,Z003,974.6,3.64,19348,Operador B,0.904
B037,Z004,885.9,3.42,20638,Operador A,0.92
B037,Z005,951.9,3.67,24642,Operador A,0.978
B037,Z006,898.0,3.51,22111,Operador A,0.948
B037,Z007,857.6,3.24,17637,Operador A,0.868
B037,Z008,859.5,3.41,20051,Operador C,0.889
B037,Z009,895.4,3.34,19840,Operador C,0.943
B037,Z010,981.0,3.65,21598,Operador A,0.927
B037,Z011,672.2,2.92,15167,Operador A,0.878
B037,Z012,720.8,2.97,20436,Operador A,0.884
B037,Z013,708.7,2.98,20331,Operador C,0.928
B037,Z014,701.5,2.94,20723,Operador A,0.905
B037,Z015,719.0,2.85,18887,Operador B,0.879
B037,Z016,633.7,2.68,18545,Operador A,0.934
B037,Z017,690.9,2.96,19152,Operador A,0.892
B037,Z018,678.8,2.9,14908,Operador A,0.881
B037,Z019,626.4,2.6,16701,Operador A,0.967
B037,Z020,654.0,2.86,14384,Operador C,0.931
B037,Z021,1185.9,4.31,25547,Operador B,0.915
B037,Z022,1204.9,4.2,25661,Operador A,0.909
B037,Z023,1050.0,3.83,23211,Operador C,0.978
B037,Z024,1153.7,4.01,21852,Operador A,0.895
B037,Z025,1120.9,3.97,21816,Operador C,0.97
B037,Z026,1052.7,3.79,25032,Operador B,0.909
B037,Z027,1161.2,4.15,31360,Operador B,0.981
B037,Z028,1072.5,3.88,24146,Operador C,0.937
B037,Z029,1083.9,3.91,27590,Operador C,0.882
B037,Z030,1159.8,4.14,30926,Operador A,0.912
B037,Z031,29.0,1.11,4628,Operador A,0.927
B037,Z032,13.8,1.07,4281,Operador C,0.974
B037,Z033,18.4,0.95,4320,Operador C,0.976
B037,Z034,8,0.94,4142,Operador C,0.985
B037,Z035,26.8,0.99,4595,Operador C,0.915
B037,Z036,21.2,1.13,4370,Operador C,0.969
B037,Z037,18.2,1.08,4405,Operador C,0.867
B037,Z038,28.0,1.15,4652,Operador B,0.983
B037,Z039,23.1,1.16,4406,Operador B,0.974
B037,Z040,27.9,1.18,4605,Operador A,0.935
B037,Z041,625.1,2.6,14658,Operador B,0.951
B037,Z042,589.9,2.7,17834,Operador C,0.959
B037,Z043,635.5,2.69,15185,Operador A,0.942
B037,Z044,568.4,2.61,17188,Operador B,0.948
B037,Z045,629.7,2.73,18420,Operador A,0.966
B037,Z046,565.1,2.58,13322,Operador A,0.913
B037,Z047,556.7,2.51,16575,Operador B,0.976
B037,Z048,615.2,2.7,16794,Operador C,0.891
B037,Z049,616.4,2.75,14030,Operador B,0.911
B037,Z050,577.6,2.5,13254,Operador C,0.956
B037,Z051,839.8,3.22,17340,Operador A,0.881
B037,Z052,958.8,3.52,25951,Operador C,0.871
B037,Z053,835.7,3.17,17259,Operador B,0.979
B037,Z054,937.8,3.55,19382,Operador A,0.912
B037,Z055,940.6,3.55,24715,Operador A,0.938
B037,Z056,963.8,3.71,22788,Operador A,0.89
B037,Z057,841.3,3.28,22282,Operador B,0.907
B037,Z058,909.4,3.35,17831,Operador A,0.913
B037,Z059,934.7,3.63,19339,Operador B,0.894
B037,Z060,872.6,3.46,23177,Operador C,0.951
B038,Z001,851.0,3.3,19780,Operador A,0.869
B038,Z002,855.3,3.39,17173,Operador B,0.916
B038,Z003,972.8,3.7,19120,Operador C,0.889
B038,Z004,868.1,3.45,21135,Operador C,0.956
B038,Z005,947.7,3.5,26095,Operador B,0.974
B038,Z006,849.3,3.35,18794,Operador C,0.868
B038,Z007,863.9,3.37,21951,Operador B,0.918
B038,Z008,973.2,3.62,23297,Operador A,0.93
B038,Z009,893.6,3.48,17732,Operador A,0.964
B038,Z010,907.0,3.41,18039,Operador B,0.978
B038,Z011,713.4,3.02,20256,Operador C,0.952
B038,Z012,709.2,2.95,15873,Operador A,0.975
B038,Z013,748.3,2.94,19484,Operador C,0.942
B038,Z014,730.9,3.05,17374,Operador B,0.954
B038,Z015,675.1,2.92,19680,Operador A,0.932
B038,Z016,680.3,2.85,15055,Operador C,0.96
B038,Z017,726.2,2.95,17694,Operador C,0.895
B038,Z018,660.7,2.68,16911,Operador B,0.941
B038,Z019,642.7,2.79,15490,Operador B,0.902
B038,Z020,704.0,2.88,16599,Operador B,0.935
B038,Z021,1199.1,4.28,30961,Operador A,0.906
B038,Z022,1190.6,4.26,25085,Operador A,0.99
B038,Z023,1145.2,4.06,24199,Operador A,0.987
B038,Z024,1049.4,3.75,21086,Operador B,0.885
B038,Z025,1182.1,4.18,29292,Operador A,0.94
B038,Z026,1111.0,4.01,24363,Operador C,0.923
B038,Z027,1096.7,3.97,28344,Operador B,0.898
B038,Z028,1158.7,4.21,22832,Operador A,0.912
B038,Z029,1177.2,4.14,28735,Operador B,0.913
B038,Z030,1187.3,4.27,32047,Operador C,0.935
B038,Z031,21.9,1.1,4413,Operador C,0.917
B038,Z032,9.8,1.06,4225,Operador C,0.86
B038,Z033,13.3,1.07,4221,Operador C,0.946
B038,Z034,8,1.04,4151,Operador B,0.975
B038,Z035,22.6,1.14,4425,Operador C,0.946
B038,Z036,16.3,0.94,4283,Operador B,0.886
B038,Z037,13.6,1.0,4217,Operador C,0.929
B038,Z038,26.2,1.07,4444,Operador C,0.893
B038,Z039,18.4,1.15,4312,Operador C,0.976
B038,Z040,26.1,1.17,4482,Operador C,0.905
B038,Z041,586.6,2.61,16973,Operador A,0.895
B038,Z042,617.1,2.58,15345,Operador C,0.956
B038,Z043,594.7,2.63,13751,Operador B,0.945
B038,Z044,635.1,2.79,17673,Operador C,0.976
B038,Z045,617.3,2.74,16110,Operador B,0.867
B038,Z046,574.9,2.46,14011,Operador B,0.917
B038,Z047,569.5,2.49,14314,Operador B,0.934
B038,Z048,576.0,2.55,14364,Operador A,0.967
B038,Z049,606.4,2.63,13192,Operador C,0.958
B038,Z050,570.3,2.49,12802,Operador A,0.924
B038,Z051,915.4,3.5,18251,Operador C,0.987
B038,Z052,975.8,3.55,25057,Operador A,0.878
B038,Z053,862.2,3.33,22099,Operador A,0.861
B038,Z054,909.5,3.55,21086,Operador C,0.863
B038,Z055,973.1,3.66,26054,Operador C,0.977
B038,Z056,938.5,3.56,26207,Operador A,0.897
B038,Z057,966.5,3.67,22147,Operador B,0.908
B038,Z058,933.8,3.42,18466,Operador C,0.902
B038,Z059,889.1,3.47,17670,Operador B,0.916
B038,Z060,873.1,3.32,22808,Operador B,0.928
B039,Z001,900.9,3.46,18180,Operador B,0.975
B039,Z002,888.6,3.47,22544,Operador C,0.874
B039,Z003,860.1,3.26,18743,Operador A,0.935
B039,Z004,846.6,3.21,22840,Operador B,0.962
B039,Z005,977.6,3.68,19678,Operador B,0.973
B039,Z006,898.2,3.42,18267,Operador B,0.865
B039,Z007,974.9,3.68,26906,Operador B,0.977
B039,Z008,972.9,3.6,26099,Operador A,0.886
B039,Z009,920.1,3.6,22119,Operador A,0.873
B039,Z010,913.3,3.44,21517,Operador B,0.933
B039,Z011,731.7,3.05,16764,Operador A,0.865
B039,Z012,688.9,2.78,18956,Operador C,0.956
B039,Z013,678.6,2.94,16753,Operador C,0.956
B039,Z014,739.7,2.95,20416,Operador B,0.899
B039,Z015,659.9,2.74,18157,Operador A,0.951
B039,Z016,735.0,2.92,20419,Operador C,0.866
B039,Z017,693.4,2.77,15972,Operador A,0.874
B039,Z018,723.3,3.03,15953,Operador A,0.861
B039,Z019,650.4,2.66,17280,Operador C,0.868
B039,Z020,662.7,2.88,15120,Operador A,0.889
B039,Z021,1192.2,4.32,22174,Operador A,0.89
B039,Z022,1187.7,4.2,31225,Operador A,0.977
B039,Z023,1148.4,4.09,22857,Operador C,0.914
B039,Z024,1084.5,3.83,25717,Operador C,0.951
B039,Z025,1055.1,3.94,28723,Operador B,0.968
B039,Z026,1083.6,3.88,21645,Operador C,0.94
B039,Z027,1130.8,4.02,28163,Operador A,0.972
B039,Z028,1067.1,3.92,27986,Operador C,0.961
B039,Z029,1152.1,4.19,31083,Operador A,0.989
B039,Z030,1179.0,4.24,27819,Operador C,0.872
B039,Z031,19.5,0.96,4458,Operador C,0.962
B039,Z032,8,1.04,4175,Operador A,0.872
B039,Z033,9.7,1.01,4177,Operador C,0.908
B039,Z034,9.7,1.02,4152,Operador A,0.916
B039,Z035,18.9,1.03,4423,Operador B,0.941
B039,Z036,12.1,1.07,4247,Operador B,0.923
B039,Z037,10.0,1.01,4231,Operador C,0.893
B039,Z038,21.3,1.07,4389,Operador B,0.895
B039,Z039,15.1,0.94,4227,Operador B,0.98
B039,Z040,24.2,1.08,4578,Operador B,0.932
B039,Z041,602.4,2.58,13288,Operador C,0.933
B039,Z042,589.6,2.65,15326,Operador A,0.884
B039,Z043,557.2,2.45,12682,Operador B,0.886
B039,Z044,600.3,2.68,15167,Operador B,0.864
B039,Z045,648.8,2.79,17295,Operador C,0.871
B039,Z046,577.3,2.51,17674,Operador C,0.942
B039,Z047,596.6,2.61,14184,Operador C,0.869
B039,Z048,657.0,2.74,14078,Operador B,0.908
B039,Z049,598.3,2.61,14687,Operador B,0.956
B039,Z050,652.6,2.72,17867,Operador B,0.967
B039,Z051,842.4,3.27,22934,Operador B,0.96
B039,Z052,909.2,3.53,19599,Operador B,0.872
B039,Z053,975.9,3.69,26352,Operador C,0.952
B039,Z054,924.9,,18995,Operador C,0.877
B039,Z055,978.7,3.62,21946,Operador A,0.905
B039,Z056,880.6,3.37,23224,Operador A,0.978
B039,Z057,891.3,3.51,22657,Operador B,0.94
B039,Z058,898.1,3.51,25184,Operador C,0.927
B039,Z059,892.0,3.3,22448,Operador B,0.964
B039,Z060,961.7,3.67,25705,Operador B,0.911
B040,Z001,115.0,1.4,6488,Operador B,0.862
B040,Z002,115.3,1.42,5742,Operador B,0.891
B040,Z003,122.1,1.3,5990,Operador A,0.981
B040,Z004,105.4,1.34,5756,Operador B,0.976
B040,Z005,111.9,1.4,6431,Operador A,0.97
B040,Z006,127.5,1.4,6124,Operador A,0.866
B040,Z007,118.7,1.26,6310,Operador B,0.939
B040,Z008,108.6,1.24,6487,Operador C,0.885
B040,Z009,103.9,1.38,6456,Operador A,0.968
B040,Z010,130.7,1.38,6484,Operador B,0.864
B040,Z011,308.7,1.89,9708,Operador C,0.967
B040,Z012,294.1,1.9,9778,Operador B,0.962
B040,Z013,290.2,1.85,8622,Operador B,0.911
B040,Z014,284.7,1.81,10589,Operador A,0.965
B040,Z015,317.6,1.78,10140,Operador B,0.903
B040,Z016,338.2,1.96,10767,Operador B,0.948
B040,Z017,302.5,1.81,11135,Operador C,0.919
B040,Z018,315.3,1.74,9670,Operador C,0.916
B040,Z019,299.3,1.8,10125,Operador A,0.878
B040,Z020,306.2,1.91,9799,Operador A,0.95
B040,Z021,290.6,1.8,9314,Operador A,0.934
B040,Z022,280.8,1.75,9496,Operador B,0.952
B040,Z023,273.1,1.76,9559,Operador B,0.97
B040,Z024,274.7,1.74,9968,Operador A,0.892
B040,Z025,276.1,1.73,9844,Operador A,0.936
B040,Z026,287.2,1.76,10505,Operador C,0.887
B040,Z027,288.5,1.75,8900,Operador B,0.977
B040,Z028,300.2,1.84,9854,Operador B,0.928
B040,Z029,267.9,1.81,8640,Operador C,0.983
B040,Z030,285.6,1.82,10795,Operador A,0.871
B040,Z031,994.8,3.62,21591,Operador B,0.879
B040,Z032,973.2,3.65,20502,Operador A,0.963
B040,Z033,1021.6,3.77,20469,Operador A,0.967
B040,Z034,1038.2,3.77,20253,Operador A,0.866
B040,Z035,990.2,3.77,20751,Operador C,0.941
B040,Z036,1052.9,3.92,26573,Operador B,0.883
B040,Z037,924.1,3.48,25684,Operador B,0.93
B040,Z038,1022.3,3.67,26201,Operador B,0.875
B040,Z039,953.6,3.64,26038,Operador C,0.918
B040,Z040,1007.8,3.81,19881,Operador C,0.876
B040,Z041,484.6,2.36,12633,Operador A,0.96
B040,Z042,525.1,2.42,13512,Operador A,0.974
B040,Z043,476.4,2.34,12074,Operador B,0.985
B040,Z044,482.5,2.27,15309,Operador A,0.866
B040,Z045,444.5,2.28,12931,Operador A,0.947
B040,Z046,442.0,2.23,11252,Operador C,0.889
B040,Z047,524.8,2.38,16537,Operador B,0.937
B040,Z048,465.0,2.26,12905,Operador A,0.887
B040,Z049,490.1,2.32,12407,Operador C,0.897
B040,Z050,474.0,2.31,13569,Operador C,0.888
B040,Z051,148.3,1.31,7319,Operador C,0.875
B040,Z052,150.9,1.3,7592,Operador B,0.929
B040,Z053,162.8,1.41,7639,Operador A,0.985
B040,Z054,153.7,1.37,7632,Operador A,0.88
B040,Z055,164.5,1.45,6921,Operador B,0.973
B040,Z056,169.8,1.38,6877,Operador C,0.958
B040,Z057,166.3,1.52,7633,Operador A,0.973
B040,Z058,157.7,1.33,6778,Operador A,0.877
B040,Z059,167.2,1.35,7628,Operador C,0.962
B040,Z060,156.7,1.43,7683,Operador A,0.948
B041,Z001,114.2,1.25,6668,Operador B,0.873
B041,Z002,123.9,1.25,6574,Operador B,0.972
B041,Z003,122.9,1.44,6692,Operador A,0.988
B041,Z004,111.9,1.25,6661,Operador C,0.973
B041,Z005,112.5,1.22,6447,Operador B,0.982
B041,Z006,117.8,1.36,6311,Operador B,0.973
B041,Z007,129.4,1.31,6416,Operador C,0.937
B041,Z008,113.9,1.36,6688,Operador B,0.889
B041,Z009,107.3,1.28,6278,Operador A,0.952
B041,Z010,131.7,1.38,6631,Operador C,0.935
B041,Z011,296.7,1.79,10492,Operador C,0.884
B041,Z012,312.4,1.85,10856,Operador C,0.948
B041,Z013,320.3,1.89,9120,Operador A,0.912
B041,Z014,324.8,1.86,11064,Operador B,0.949
B041,Z015,325.6,1.8,9819,Operador B,0.943
B041,Z016,334.0,1.9,10279,Operador B,0.968
B041,Z017,349.8,2.05,10159,Operador B,0.932
B041,Z018,288.4,1.68,10867,Operador B,0.883
B041,Z019,317.3,1.97,10389,Operador C,0.975
B041,Z020,302.1,1.85,10849,Operador A,0.959
B041,Z021,305.9,1.84,9832,Operador C,0.989
B041,Z022,285.5,1.83,10715,Operador A,0.919
B041,Z023,305.1,1.83,9601,Operador B,0.964
B041,Z024,282.6,1.68,10656,Operador A,0.911
B041,Z025,269.7,1.63,9001,Operador B,0.923
B041,Z026,308.1,1.92,11247,Operador B,0.932
B041,Z027,269.0,1.72,8355,Operador B,0.896
B041,Z028,285.4,1.77,10405,Operador B,0.956
B041,Z029,272.2,1.68,8670,Operador B,0.887
B041,Z030,288.0,1.84,10714,Operador B,0.91
B041,Z031,995.0,3.79,24367,Operador C,0.95
B041,Z032,976.6,3.6,20234,Operador A,0.893
B041,Z033,1008.6,3.78,26654,Operador A,0.933
B041,Z034,987.5,3.61,20088,Operador A,0.968
B041,Z035,1021.6,3.81,23745,Operador B,0.878
B041,Z036,1020.5,3.78,27553,Operador C,0.978
B041,Z037,1031.2,3.89,23185,Operador B,0.984
B041,Z038,1075.8,3.83,25514,Operador A,0.895
B041,Z039,970.3,3.64,26690,Operador B,0.875
B041,Z040,1047.5,3.74,25207,Operador B,0.974
B041,Z041,489.7,2.26,13404,Operador C,0.94
B041,Z042,521.7,2.41,11981,Operador A,0.895
B041,Z043,454.5,2.14,11321,Operador B,0.948
B041,Z044,508.2,2.3,13223,Operador C,0.982
B041,Z045,456.6,2.16,13879,Operador A,0.958
B041,Z046,452.9,2.2,14380,Operador A,0.88
B041,Z047,531.5,2.52,15861,Operador C,0.989
B041,Z048,468.7,2.28,13998,Operador B,0.952
B041,Z049,507.5,2.44,14256,Operador B,0.888
B041,Z050,474.4,2.35,13034,Operador A,0.959
B041,Z051,154.8,1.37,7560,Operador A,0.877
B041,Z052,148.0,1.49,7177,Operador A,0.879
B041,Z053,157.1,1.37,6641,Operador C,0.982
B041,Z054,150.0,1.33,6910,Operador A,0.916
B041,Z055,151.5,1.4,7132,Operador B,0.963
B041,Z056,155.9,1.44,6871,Operador B,0.912
B041,Z057,174.0,1.4,6815,Operador B,0.878
B041,Z058,159.2,1.49,6705,Operador C,0.861
B041,Z059,182.3,1.56,6865,Operador C,0.893
B041,Z060,178.1,1.56,7815,Operador B,0.978
B042,Z001,139.4,1.33,7150,Operador C,0.92
B042,Z002,128.6,1.42,5959,Operador A,0.937
B042,Z003,122.0,1.43,5995,Operador B,0.937
B042,Z004,123.2,1.24,6490,Operador B,0.974
B042,Z005,116.5,1.34,6089,Operador B,0.869
B042,Z006,142.2,1.47,6803,Operador A,0.941
B042,Z007,139.3,1.42,6296,Operador C,0.938
B042,Z008,130.7,1.34,6668,Operador A,0.907
B042,Z009,128.8,1.33,6622,Operador A,0.883
B042,Z010,134.8,1.28,6497,Operador B,0.934
B042,Z011,287.9,1.78,9156,Operador A,0.963
B042,Z012,280.7,1.82,9384,Operador A,0.87
B042,Z013,289.2,1.81,9153,Operador A,0.984
B042,Z014,285.8,1.72,8449,Operador A,0.932
B042,Z015,329.3,1.85,9158,Operador B,0.899
B042,Z016,326.2,1.8,11602,Operador B,0.985
B042,Z017,297.9,1.79,10431,Operador C,0.901
B042,Z018,279.4,1.83,8665,Operador A,0.876
B042,Z019,312.6,1.77,10428,Operador A,0.987
B042,Z020,313.8,1.89,10485,Operador B,0.987
B042,Z021,297.0,1.76,9264,Operador A,0.92
B042,Z022,274.1,1.75,10071,Operador C,0.968
B042,Z023,303.2,1.87,8704,Operador B,0.956
B042,Z024,256.7,1.59,8333,Operador C,0.917
B042,Z025,275.0,1.73,8496,Operador A,0.968
B042,Z026,266.0,1.76,8440,Operador B,0.966
B042,Z027,279.7,1.85,9397,Operador A,0.9
B042,Z028,265.8,1.62,8377,Operador A,0.986
B042,Z029,284.4,1.87,9751,Operador B,0.921
B042,Z030,295.1,1.71,9974,Operador B,0.96
B042,Z031,1070.9,3.98,27156,Operador B,0.926
B042,Z032,938.8,3.52,23870,Operador B,0.959
B042,Z033,1029.1,3.83,21676,Operador B,0.864
B042,Z034,951.1,3.65,20574,Operador B,0.958
B042,Z035,1001.9,3.65,21494,Operador B,0.913
B042,Z036,928.1,3.42,19386,Operador A,0.973
B042,Z037,922.8,3.43,24718,Operador B,0.982
B042,Z038,937.5,3.48,21376,Operador A,0.919
B042,Z039,957.3,3.69,25494,Operador B,0.978
B042,Z040,979.2,3.65,26695,Operador A,0.962
B042,Z041,495.5,2.27,11901,Operador B,0.911
B042,Z042,471.6,2.38,12199,Operador C,0.885
B042,Z043,479.8,2.35,14961,Operador A,0.908
B042,Z044,506.8,2.33,15107,Operador B,0.896
B042,Z045,473.2,2.29,13953,Operador A,0.947
B042,Z046,506.1,2.37,12830,Operador C,0.967
B042,Z047,492.4,2.32,15679,Operador C,0.923
B042,Z048,493.3,2.36,13080,Operador B,0.925
B042,Z049,451.4,2.27,13782,Operador C,0.923
B042,Z050,473.0,2.34,14672,Operador A,0.954
B042,Z051,143.9,1.41,6281,Operador A,0.954
B042,Z052,141.1,1.48,6646,Operador A,0.963
B042,Z053,138.7,1.32,7155,Operador A,0.902
B042,Z054,141.4,1.39,6782,Operador C,0.931
B042,Z055,138.0,1.31,6961,Operador C,0.967
B042,Z056,156.2,1.34,6903,Operador A,0.954
B042,Z057,149.9,1.34,7093,Operador C,0.95
B042,Z058,140.6,1.29,6926,Operador C,0.901
B042,Z059,172.9,1.48,7314,Operador A,0.927
B042,Z060,147.9,1.43,7007,Operador B,0.918
B043,Z001,28.0,1.02,4578,Operador A,0.937
B043,Z002,32.5,1.07,4656,Operador C,0.96
B043,Z003,23.7,1.15,4417,Operador A,0.903
B043,Z004,20.5,0.98,4408,Operador C,0.875
B043,Z005,21.3,1.04,4393,Operador A,0.878
B043,Z006,31.1,1.08,4666,Operador A,0.987
B043,Z007,33.9,1.11,4737,Operador B,0.862
B043,Z008,25.6,1.03,4481,Operador B,0.92
B043,Z009,22.8,1.0,4462,Operador A,0.966
B043,Z010,33.8,1.07,4682,Operador B,0.94
B043,Z011,316.6,1.78,10844,Operador B,0.868
B043,Z012,330.1,1.9,11088,Operador C,0.945
B043,Z013,306.7,1.82,9699,Operador A,0.889
B043,Z014,300.6,1.8,10241,Operador C,0.986
B043,Z015,299.2,1.82,11142,Operador C,0.951
B043,Z016,296.4,1.79,8607,Operador B,0.867
B043,Z017,332.9,1.91,9973,Operador C,0.929
B043,Z018,279.1,1.66,8325,Operador C,0.972
B043,Z019,312.8,1.77,10822,Operador A,0.965
B043,Z020,292.9,1.73,10193,Operador A,0.982
B043,Z021,396.6,2.03,12500,Operador B,0.955
B043,Z022,355.3,1.95,9448,Operador C,0.917
B043,Z023,413.6,2.12,11853,Operador A,0.918
B043,Z024,359.2,2.0,10154,Operador A,0.988
B043,Z025,386.2,2.01,10128,Operador B,0.941
B043,Z026,387.8,2.14,9858,Operador C,0.985
B043,Z027,370.4,1.91,9762,Operador B,0.919
B043,Z028,357.6,2.03,9994,Operador B,0.899
B043,Z029,404.9,2.11,11335,Operador A,0.971
B043,Z030,404.3,2.09,13067,Operador C,0.967
B043,Z031,953.2,3.5,23263,Operador C,0.976
B043,Z032,965.5,3.61,21311,Operador B,0.898
B043,Z033,881.6,3.27,19205,Operador A,0.871
B043,Z034,923.2,3.47,26148,Operador C,0.931
B043,Z035,1023.6,3.85,25694,Operador B,0.949
B043,Z036,995.4,3.79,19015,Operador C,0.882
B043,Z037,994.5,3.74,21716,Operador A,0.906
B043,Z038,996.5,3.79,21067,Operador B,0.952
B043,Z039,935.5,3.45,21511,Operador A,0.967
B043,Z040,999.3,3.75,24061,Operador C,0.913
B043,Z041,428.5,2.09,11126,Operador A,0.99
B043,Z042,416.2,2.07,13053,Operador B,0.929
B043,Z043,399.3,2.02,12045,Operador C,0.879
B043,Z044,410.1,2.05,12687,Operador B,0.918
B043,Z045,379.5,2.07,12844,Operador B,0.925
B043,Z046,367.4,2.08,11661,Operador B,0.936
B043,Z047,407.7,2.04,10815,Operador A,0.943
B043,Z048,402.8,2.08,10984,Operador A,0.982
B043,Z049,380.5,1.93,12012,Operador C,0.969
B043,Z050,398.0,2.17,10122,Operador B,0.983
B043,Z051,190.2,1.46,8461,Operador A,0.932
B043,Z052,200.2,1.56,7879,Operador A,0.931
B043,Z053,220.5,1.65,8459,Operador B,0.931
B043,Z054,226.9,1.59,8080,Operador B,0.98
B043,Z055,217.9,1.49,8215,Operador B,0.908
B043,Z056,215.3,1.64,8531,Operador B,0.924
B043,Z057,240.6,1.66,8120,Operador C,0.873
B043,Z058,212.6,1.55,7400,Operador B,0.876
B043,Z059,214.0,1.63,9060,Operador B,0.879
B043,Z060,217.9,1.63,7475,Operador C,0.878
B044,Z001,29.9,1.03,4636,Operador A,0.888
B044,Z002,37.0,1.04,4633,Operador B,0.962
B044,Z003,31.0,1.06,4614,Operador C,0.897
B044,Z004,26.4,1.13,4491,Operador C,0.933
B044,Z005,25.9,1.0,4479,Operador C,0.919
B044,Z006,35.4,1.07,4823,Operador C,0.97
B044,Z007,42.0,1.02,4864,Operador B,0.917
B044,Z008,28.3,1.06,4430,Operador A,0.965
B044,Z009,26.6,1.18,4502,Operador A,0.877
B044,Z010,39.2,1.19,4762,Operador A,0.951
B044,Z011,321.2,1.84,9813,Operador A,0.885
B044,Z012,296.7,1.72,9087,Operador B,0.938
B044,Z013,314.3,1.75,11353,Operador A,0.954
B044,Z014,306.9,1.9,11099,Operador A,0.883
B044,Z015,339.8,1.85,11688,Operador B,0.95
B044,Z016,342.3,1.87,9341,Operador C,0.952
B044,Z017,341.6,1.93,9316,Operador C,0.904
B044,Z018,300.8,1.9,9945,Operador A,0.982
B044,Z019,296.8,1.84,10795,Operador B,0.959
B044,Z020,301.8,1.87,11242,Operador B,0.893
B044,Z021,406.1,2.02,12108,Operador A,0.963
B044,Z022,408.9,2.21,12535,Operador C,0.911
B044,Z023,356.5,2.02,10574,Operador B,0.908
B044,Z024,343.6,1.97,11091,Operador B,0.973
B044,Z025,347.9,1.83,10614,Operador B,0.941
B044,Z026,353.5,2.02,11836,Operador A,0.909
B044,Z027,373.8,2.11,11785,Operador C,0.919
B044,Z028,364.3,1.97,11508,Operador B,0.918
B044,Z029,395.7,2.03,13340,Operador C,0.956
B044,Z030,368.1,1.91,12577,Operador B,0.93
B044,Z031,944.6,3.53,23144,Operador C,0.874
B044,Z032,918.7,3.47,19072,Operador A,0.889
B044,Z033,962.5,3.65,20615,Operador B,0.896
B044,Z034,931.3,3.58,23312,Operador A,0.926
B044,Z035,890.2,3.38,23932,Operador C,0.94
B044,Z036,1014.1,3.82,27868,Operador C,0.888
B044,Z037,881.5,3.46,19937,Operador C,0.865
B044,Z038,946.3,3.63,26450,Operador B,0.882
B044,Z039,979.2,3.72,25736,Operador C,0.957
B044,Z040,898.6,3.38,23835,Operador C,0.961
B044,Z041,386.7,2.06,12123,Operador B,0.903
B044,Z042,422.8,2.13,12242,Operador C,0.942
B044,Z043,415.5,2.18,10746,Operador B,0.963
B044,Z044,438.3,2.21,14456,Operador C,0.903
B044,Z045,433.4,2.17,13875,Operador A,0.906
B044,Z046,382.7,2.09,10028,Operador B,0.984
B044,Z047,410.3,2.15,13172,Operador A,0.98
B044,Z048,432.2,2.24,12655,Operador C,0.981
B044,Z049,399.7,2.02,11957,Operador C,0.909
B044,Z050,450.2,2.16,14376,Operador A,0.983
B044,Z051,190.1,1.54,8496,Operador C,0.883
B044,Z052,210.0,1.47,8198,Operador A,0.931
B044,Z053,223.8,1.63,7703,Operador A,0.948
B044,Z054,221.3,1.54,8637,Operador A,0.94
B044,Z055,231.3,1.54,7908,Operador C,0.862
B044,Z056,242.7,1.55,9757,Operador C,0.971
B044,Z057,235.2,1.68,8891,Operador C,0.932
B044,Z058,232.1,1.67,9555,Operador C,0.94
B044,Z059,231.7,1.64,9369,Operador A,0.885
B044,Z060,214.4,1.61,7750,Operador B,0.91
B045,Z001,27.2,1.16,4448,Operador A,0.868
B045,Z002,31.1,1.1,4487,Operador B,0.882
B045,Z003,32.2,1.12,4517,Operador B,0.88
B045,Z004,25.3,1.18,4555,Operador C,0.95
B045,Z005,27.0,1.16,4628,Operador C,0.948
B045,Z006,30.7,1.17,4542,Operador A,0.919
B045,Z007,33.4,1.14,4710,Operador B,0.904
B045,Z008,21.3,1.13,4462,Operador C,0.931
B045,Z009,29.4,1.12,4695,Operador A,0.948
B045,Z010,35.5,1.07,4626,Operador A,0.874
B045,Z011,303.5,1.78,8710,Operador A,0.983
B045,Z012,331.2,1.88,9518,Operador B,0.865
B045,Z013,292.1,1.69,10424,Operador C,0.982
B045,Z014,327.8,1.94,11574,Operador B,0.89
B045,Z015,322.1,1.84,10865,Operador A,0.922
B045,Z016,344.4,2.01,11681,Operador B,0.899
B045,Z017,321.2,1.95,10446,Operador B,0.989
B045,Z018,318.3,1.76,10899,Operador A,0.958
B045,Z019,308.2,1.77,9404,Operador B,0.978
B045,Z020,313.8,1.94,10389,Operador A,0.904
B045,Z021,394.8,2.12,11376,Operador C,0.962
B045,Z022,383.6,1.99,11133,Operador B,0.912
B045,Z023,377.9,2.02,10608,Operador B,0.884
B045,Z024,373.8,1.91,12062,Operador A,0.88
B045,Z025,395.7,1.98,13183,Operador A,0.969
B045,Z026,400.1,2.11,10901,Operador A,0.95
B045,Z027,361.2,1.92,9910,Operador A,0.885
B045,Z028,385.6,2.08,10154,Operador C,0.881
B045,Z029,370.5,1.95,12010,Operador C,0.966
B045,Z030,402.6,2.17,13144,Operador B,0.927
B045,Z031,886.5,3.45,18531,Operador C,0.883
B045,Z032,939.2,3.62,19124,Operador A,0.962
B045,Z033,979.8,3.7,20574,Operador B,0.906
B045,Z034,922.7,3.49,18742,Operador C,0.909
B045,Z035,951.4,3.48,22621,Operador C,0.899
B045,Z036,912.4,3.4,23472,Operador C,0.881
B045,Z037,961.2,3.68,22713,Operador B,0.978
B045,Z038,963.4,3.55,19641,Operador C,0.964
B045,Z039,942.3,3.47,24922,Operador B,0.937
B045,Z040,897.2,3.33,24747,Operador A,0.932
B045,Z041,433.6,2.16,11642,Operador B,0.945
B045,Z042,451.1,2.17,14482,Operador A,0.872
B045,Z043,430.8,2.2,13244,Operador B,0.92
B045,Z044,419.8,2.18,10955,Operador A,0.984
B045,Z045,373.7,1.95,11492,Operador C,0.962
B045,Z046,405.5,2.06,12539,Operador A,0.887
B045,Z047,439.9,2.19,11270,Operador A,0.889
B045,Z048,382.0,2.12,11759,Operador C,0.915
B045,Z049,407.7,2.11,13753,Operador B,0.947
B045,Z050,388.6,2.12,12654,Operador C,0.923
B045,Z051,227.9,1.56,8444,Operador B,0.963
B045,Z052,210.5,1.52,8724,Operador A,0.933
B045,Z053,217.1,1.49,8443,Operador B,0.964
B045,Z054,241.2,1.62,8724,Operador B,0.875
B045,Z055,212.7,1.59,9056,Operador B,0.873
B045,Z056,234.5,1.72,9307,Operador C,0.882
B045,Z057,252.5,1.61,8504,Operador A,0.867
B045,Z058,218.7,1.56,9203,Operador C,0.881
B045,Z059,257.2,1.7,8870,Operador B,0.881
B045,Z060,238.5,1.64,8502,Operador B,0.938
B046,Z001,26.1,1.11,4527,Operador A,0.873
B046,Z002,29.2,1.04,4549,Operador C,0.862
B046,Z003,18.2,1.07,4364,Operador A,0.869
B046,Z004,20.3,0.99,4424,Operador B,0.928
B046,Z005,18.5,0.99,4300,Operador A,0.887
B046,Z006,30.2,1.02,4557,Operador C,0.9
B046,Z007,32.2,1.05,4555,Operador A,0.91
B046,Z008,25.3,1.17,4444,Operador B,0.863
B046,Z009,15.3,1.0,4331,Operador A,0.863
B046,Z010,34.7,1.07,4575,Operador A,0.87
B046,Z011,276.7,1.72,8665,Operador B,0.909
B046,Z012,315.4,1.92,10280,Operador B,0.862
B046,Z013,279.0,1.8,8444,Operador A,0.904
B046,Z014,296.0,1.9,10622,Operador A,0.917
B046,Z015,302.0,1.9,10412,Operador C,0.895
B046,Z016,289.6,1.82,8656,Operador A,0.918
B046,Z017,322.6,1.8,9226,Operador A,0.969
B046,Z018,274.1,1.7,8440,Operador C,0.881
B046,Z019,286.1,1.81,10342,Operador A,0.919
B046,Z020,305.8,1.74,8853,Operador B,0.889
B046,Z021,411.2,2.18,13755,Operador B,0.91
B046,Z022,415.0,2.04,12032,Operador C,0.955
B046,Z023,401.0,2.03,12320,Operador C,0.87
B046,Z024,361.3,1.92,12185,Operador A,0.861
B046,Z025,411.4,2.07,12212,Operador A,0.886
B046,Z026,369.9,2.08,10189,Operador A,0.98
B046,Z027,386.9,2.11,10039,Operador B,0.928
B046,Z028,420.0,2.08,13249,Operador B,0.864
B046,Z029,413.4,2.17,12006,Operador C,0.927
B046,Z030,363.8,1.97,10298,Operador A,0.947
B046,Z031,958.6,3.49,22000,Operador C,0.962
B046,Z032,962.5,3.51,21137,Operador B,0.911
B046,Z033,939.2,3.56,22393,Operador A,0.885
B046,Z034,910.6,3.38,22690,Operador C,0.975
B046,Z035,874.8,3.37,23192,Operador B,0.917
B046,Z036,913.1,3.56,24493,Operador B,0.971
B046,Z037,938.6,3.43,26311,Operador C,0.906
B046,Z038,961.0,3.58,18542,Operador A,0.88
B046,Z039,896.7,3.53,18684,Operador B,0.949
B046,Z040,891.9,3.41,24947,Operador B,0.906
B046,Z041,392.7,1.97,13289,Operador A,0.96
B046,Z042,432.8,2.19,12248,Operador C,0.975
B046,Z043,388.6,2.03,10856,Operador C,0.917
B046,Z044,390.0,2.06,10593,Operador B,0.974
B046,Z045,361.5,2.08,12619,Operador C,0.883
B046,Z046,383.1,1.96,10888,Operador A,0.926
B046,Z047,383.2,2.01,12180,Operador B,0.885
B046,Z048,421.7,2.05,13957,Operador C,0.864
B046,Z049,396.8,2.02,12019,Operador B,0.97
B046,Z050,375.5,2.09,11914,Operador A,0.953
B046,Z051,205.8,1.55,8788,Operador B,0.971
B046,Z052,210.6,1.53,9047,Operador A,0.925
B046,Z053,215.0,1.64,7463,Operador C,0.925
B046,Z054,214.9,1.69,9062,Operador A,0.958
B046,Z055,216.5,1.57,8810,Operador B,0.981
B046,Z056,229.6,1.61,8485,Operador C,0.887
B046,Z057,224.2,1.7,9251,Operador B,0.936
B046,Z058,210.2,1.6,8802,Operador C,0.894
B046,Z059,224.2,1.58,8298,Operador C,0.867
B046,Z060,207.0,1.51,8163,Operador A,0.886
B047,Z001,16.3,1.12,4314,Operador A,0.966
B047,Z002,24.0,1.09,4406,Operador C,0.948
B047,Z003,11.4,1.11,4273,Operador C,0.927
B047,Z004,10.3,1.06,4176,Operador B,0.91
B047,Z005,9.9,1.05,4208,Operador C,0.905
B047,Z006,18.7,0.99,4448,Operador C,0.921
B047,Z007,23.4,1.05,4559,Operador A,0.977
B047,Z008,16.8,1.15,4368,Operador C,0.942
B047,Z009,9.2,0.99,4171,Operador B,0.868
B047,Z010,23.6,1.12,4503,Operador C,0.92
B047,Z011,328.8,1.93,9618,Operador B,0.933
B047,Z012,311.9,1.85,9648,Operador B,0.968
B047,Z013,297.4,1.71,9578,Operador C,0.985
B047,Z014,299.6,1.83,9376,Operador B,0.865
B047,Z015,303.8,1.72,10162,Operador A,0.896
B047,Z016,293.1,1.76,10683,Operador A,0.947
B047,Z017,297.7,1.75,8831,Operador C,0.943
B047,Z018,296.4,1.88,10887,Operador A,0.964
B047,Z019,307.0,1.9,10761,Operador A,0.885
B047,Z020,330.1,1.89,8979,Operador A,0.862
B047,Z021,418.9,2.07,10566,Operador B,0.984
B047,Z022,378.3,2.11,11513,Operador C,0.872
B047,Z023,395.8,2.12,12592,Operador C,0.962
B047,Z024,379.2,1.93,12429,Operador B,0.951
B047,Z025,368.1,1.95,11823,Operador C,0.981
B047,Z026,407.5,2.12,13348,Operador C,0.937
B047,Z027,377.3,2.04,12978,Operador B,0.866
B047,Z028,366.8,2.09,11001,Operador C,0.919
B047,Z029,396.9,2.09,13383,Operador A,0.973
B047,Z030,381.9,2.02,12917,Operador A,0.862
B047,Z031,899.3,3.48,18867,Operador A,0.94
B047,Z032,877.0,3.48,18564,Operador A,0.874
B047,Z033,889.5,3.46,24071,Operador C,0.878
B047,Z034,973.0,3.66,23586,Operador B,0.915
B047,Z035,929.9,3.58,20958,Operador B,0.944
B047,Z036,890.5,3.45,19598,Operador C,0.946
B047,Z037,998.7,3.61,20672,Operador A,0.923
B047,Z038,890.5,3.52,19420,Operador A,0.866
B047,Z039,943.5,3.64,22266,Operador A,0.904
B047,Z040,879.2,3.4,23836,Operador A,0.887
B047,Z041,403.8,2.17,10099,Operador B,0.962
B047,Z042,413.6,2.04,12217,Operador A,0.928
B047,Z043,380.7,2.01,11529,Operador A,0.93
B047,Z044,384.1,2.12,10122,Operador C,0.909
B047,Z045,413.0,2.14,10575,Operador C,0.865
B047,Z046,391.5,2.15,12324,Operador A,0.971
B047,Z047,411.9,2.13,13877,Operador C,0.919
B047,Z048,401.5,2.04,13201,Operador B,0.881
B047,Z049,388.4,1.96,11147,Operador B,0.882
B047,Z050,398.2,1.98,11761,Operador A,0.988
B047,Z051,204.0,1.52,8892,Operador B,0.922
B047,Z052,215.8,1.5,7958,Operador B,0.894
B047,Z053,219.8,1.63,7719,Operador A,0.896
B047,Z054,215.5,1.69,8407,Operador C,0.983
B047,Z055,213.8,1.6,8475,Operador A,0.897
B047,Z056,236.7,1.72,8522,Operador A,0.944
B047,Z057,250.4,1.67,8036,Operador B,0.946
B047,Z058,211.9,1.53,7591,Operador A,0.883
B047,Z059,228.8,1.67,8159,Operador A,0.927
B047,Z060,233.0,1.54,7838,Operador A,0.954
B048,Z001,20.1,1.02,4399,Operador A,0.981
B048,Z002,25.8,0.97,4544,Operador A,0.956
B048,Z003,14.6,1.14,4282,Operador A,0.872
B048,Z004,13.6,1.04,4277,Operador A,0.889
B048,Z005,12.7,1.02,4252,Operador C,0.964
B048,Z006,23.1,1.16,4408,Operador A,0.918
B048,Z007,24.6,0.97,4506,Operador B,0.979
B048,Z008,18.0,1.07,4367,Operador A,0.897
B048,Z009,10.7,1.08,4180,Operador C,0.941
B048,Z010,27.4,1.01,4616,Operador B,0.982
B048,Z011,307.4,1.88,8881,Operador A,0.968
B048,Z012,288.3,1.71,8786,Operador A,0.915
B048,Z013,274.5,1.83,9697,Operador A,0.983
B048,Z014,316.7,1.89,10463,Operador A,0.942
B048,Z015,329.0,1.95,9313,Operador B,0.916
B048,Z016,333.6,1.96,11494,Operador A,0.917
B048,Z017,312.7,1.85,10119,Operador C,0.946
B048,Z018,295.1,1.89,10246,Operador B,0.989
B048,Z019,310.1,1.89,11089,Operador C,0.945
B048,Z020,303.5,1.77,9969,Operador C,0.911
B048,Z021,379.0,1.92,11568,Operador C,0.973
B048,Z022,406.9,2.0,13344,Operador B,0.903
B048,Z023,383.2,1.97,11141,Operador B,0.955
B048,Z024,405.0,2.17,11678,Operador A,0.948
B048,Z025,413.4,2.16,,Operador C,0.904
B048,Z026,408.4,2.04,11466,Operador B,0.971
B048,Z027,384.7,2.1,12936,Operador C,0.936
B048,Z028,382.8,2.13,10973,Operador B,0.954
B048,Z029,412.7,2.17,12133,Operador C,0.947
B048,Z030,419.7,2.12,12332,Operador C,0.934
B048,Z031,984.0,3.74,26268,Operador B,0.89
B048,Z032,869.7,3.45,18800,Operador A,0.944
B048,Z033,986.4,3.66,21428,Operador A,0.89
B048,Z034,899.9,3.36,23515,Operador B,0.973
B048,Z035,874.4,3.31,21137,Operador A,0.918
B048,Z036,925.8,3.55,23162,Operador C,0.906
B048,Z037,918.1,3.45,18421,Operador A,0.972
B048,Z038,913.8,3.54,18107,Operador A,0.932
B048,Z039,991.2,3.62,21927,Operador B,0.984
B048,Z040,956.4,3.69,25952,Operador B,0.915
B048,Z041,388.2,2.16,11992,Operador B,0.898
B048,Z042,419.6,2.07,13112,Operador C,0.961
B048,Z043,406.8,2.12,10749,Operador C,0.938
B048,Z044,388.8,2.11,10502,Operador C,0.962
B048,Z045,420.7,2.09,11348,Operador A,0.984
B048,Z046,413.0,2.18,11348,Operador C,0.9
B048,Z047,396.9,2.18,10154,Operador C,0.975
B048,Z048,383.0,1.97,11341,Operador C,0.942
B048,Z049,410.1,2.2,10526,Operador C,0.894
B048,Z050,394.1,2.12,13434,Operador B,0.927
B048,Z051,201.9,1.51,8638,Operador A,0.938
B048,Z052,221.6,1.52,8751,Operador A,0.987
B048,Z053,217.1,1.68,8903,Operador C,0.916
B048,Z054,232.8,1.52,8552,Operador A,0.874
B048,Z055,214.0,1.55,8875,Operador A,0.926
B048,Z056,238.2,1.71,8903,Operador B,0.887
B048,Z057,235.8,1.74,8518,Operador C,0.945
B048,Z058,228.4,1.55,8806,Operador B,0.877
B048,Z059,244.8,1.56,8951,Operador C,0.873
B048,Z060,235.6,1.74,9445,Operador C,0.906
B049,Z001,23.4,1.06,4521,Operador A,0.974
B049,Z002,28.2,1.01,4630,Operador C,0.957
B049,Z003,13.0,0.96,4216,Operador C,0.92
B049,Z004,15.2,1.07,4361,Operador A,0.895
B049,Z005,14.6,1.13,4312,Operador A,0.892
B049,Z006,26.3,1.06,4501,Operador C,0.982
B049,Z007,27.2,1.18,4472,Operador C,0.976
B049,Z008,25.2,0.97,4554,Operador A,0.874
B049,Z009,10.9,0.93,4216,Operador B,0.96
B049,Z010,30.9,1.16,4666,Operador C,0.99
B049,Z011,283.4,1.68,9752,Operador C,0.962
B049,Z012,316.5,1.77,9966,Operador B,0.888
B049,Z013,265.5,1.82,9346,Operador C,0.917
B049,Z014,285.2,1.87,8733,Operador B,0.976
B049,Z015,281.9,1.78,9933,Operador B,0.9
B049,Z016,302.8,1.89,8789,Operador C,0.884
B049,Z017,319.0,1.94,11555,Operador C,0.909
B049,Z018,296.0,1.74,10044,Operador A,0.887
B049,Z019,305.7,1.81,10633,Operador A,0.949
B049,Z020,301.6,1.9,8530,Operador B,0.963
B049,Z021,401.3,1.98,12154,Operador C,0.973
B049,Z022,397.5,2.15,10992,Operador B,0.898
B049,Z023,402.7,2.12,11988,Operador A,0.887
B049,Z024,377.2,2.05,11995,Operador C,0.894
B049,Z025,367.0,2.1,10761,Operador B,0.954
B049,Z026,424.9,2.16,12897,Operador C,0.894
B049,Z027,387.3,2.15,9843,Operador C,0.866
B049,Z028,394.8,2.15,11485,Operador B,0.955
B049,Z029,402.3,1.98,12088,Operador A,0.953
B049,Z030,372.5,2.07,11227,Operador C,0.973
B049,Z031,955.8,3.49,25574,Operador B,0.88
B049,Z032,914.9,3.55,19176,Operador C,0.98
B049,Z033,883.5,3.29,25115,Operador A,0.975
B049,Z034,886.7,3.4,18425,Operador C,0.954
B049,Z035,910.1,3.49,23511,Operador C,0.978
B049,Z036,865.4,3.37,22515,Operador C,0.934
B049,Z037,853.4,3.27,22975,Operador B,0.949
B049,Z038,918.8,3.46,19124,Operador C,0.895
B049,Z039,921.4,3.55,18408,Operador B,0.981
B049,Z040,935.8,3.56,18319,Operador B,0.922
B049,Z041,390.5,2.04,10820,Operador C,0.889
B049,Z042,410.2,2.21,13162,Operador C,0.889
B049,Z043,363.3,1.93,12105,Operador B,0.983
B049,Z044,386.5,2.0,11884,Operador C,0.939
B049,Z045,411.3,2.09,11661,Operador B,0.962
B049,Z046,353.4,1.97,9768,Operador B,0.957
B049,Z047,367.9,1.97,11928,Operador C,0.902
B049,Z048,397.9,2.1,12280,Operador B,0.97
B049,Z049,373.2,1.93,10402,Operador B,0.878
B049,Z050,422.3,2.17,12892,Operador C,0.988
B049,Z051,220.5,1.67,7341,Operador C,0.934
B049,Z052,222.9,1.56,8524,Operador C,0.894
B049,Z053,213.6,1.61,7545,Operador B,0.978
B049,Z054,219.4,1.58,8921,Operador A,0.929
B049,Z055,232.1,1.52,8182,Operador B,0.88
B049,Z056,221.4,1.56,8907,Operador C,0.978
B049,Z057,238.3,1.59,8127,Operador B,0.916
B049,Z058,230.6,1.64,8370,Operador B,0.969
B049,Z059,245.2,1.65,7714,Operador A,0.977
B049,Z060,213.1,1.68,7701,Operador B,0.952
B050,Z001,14.1,1.09,4263,Operador C,0.903
B050,Z002,20.2,1.07,4469,Operador B,0.904
B050,Z003,9.9,1.08,4157,Operador C,0.864
B050,Z004,8.5,0.95,4202,Operador A,0.924
B050,Z005,8,1.09,4125,Operador C,0.929
B050,Z006,16.3,1.06,4380,Operador A,0.879
B050,Z007,23.5,1.12,4561,Operador B,0.957
B050,Z008,13.2,1.05,4291,Operador B,0.884
B050,Z009,8,1.02,4185,Operador A,0.982
B050,Z010,23.6,1.06,4481,Operador B,0.864
B050,Z011,295.2,1.88,10203,Operador A,0.862
B050,Z012,287.1,1.82,9754,Operador B,0.919
B050,Z013,316.3,1.83,11530,Operador C,0.866
B050,Z014,307.4,1.86,10872,Operador A,0.877
B050,Z015,325.1,1.86,11106,Operador B,0.902
B050,Z016,332.5,1.96,9221,Operador A,0.888
B050,Z017,298.5,1.87,10657,Operador B,0.937
B050,Z018,307.5,1.78,10743,Operador C,0.905
B050,Z019,331.6,1.86,9944,Operador B,0.971
B050,Z020,320.6,1.96,9727,Operador C,0.936
B050,Z021,423.5,2.08,10942,Operador C,0.924
B050,Z022,389.6,2.0,10999,Operador C,0.958
B050,Z023,394.8,2.01,10460,Operador C,0.973
B050,Z024,381.4,2.05,10464,Operador B,0.862
B050,Z025,422.4,2.03,10463,Operador B,0.984
B050,Z026,399.2,2.1,12719,Operador A,0.984
B050,Z027,404.8,2.08,11680,Operador A,0.908
B050,Z028,393.4,2.0,12863,Operador A,0.91
B050,Z029,368.5,1.96,12270,Operador A,0.975
B050,Z030,411.5,2.19,13050,Operador B,0.982
B050,Z031,948.7,3.55,26407,Operador A,0.959
B050,Z032,976.0,3.58,22525,Operador C,0.877
B050,Z033,870.1,3.41,20683,Operador A,0.929
B050,Z034,980.5,3.72,18886,Operador B,0.92
B050,Z035,874.1,3.43,19260,Operador B,0.913
B050,Z036,871.5,3.27,17146,Operador B,0.885
B050,Z037,967.7,3.68,20426,Operador C,0.926
B050,Z038,911.2,3.52,23962,Operador B,0.868
B050,Z039,964.0,3.64,22383,Operador B,0.939
B050,Z040,896.7,3.51,18029,Operador B,0.915
B050,Z041,378.7,2.01,13051,Operador B,0.967
B050,Z042,405.5,2.13,12783,Operador C,0.901
B050,Z043,418.1,2.19,11144,Operador A,0.975
B050,Z044,402.0,2.02,11765,Operador A,0.987
B050,Z045,399.2,2.0,10253,Operador A,0.936
B050,Z046,404.0,2.13,11522,Operador B,0.86
B050,Z047,409.4,2.04,12207,Operador B,0.871
B050,Z048,358.9,1.93,11964,Operador A,0.868
B050,Z049,374.1,1.93,12698,Operador A,0.86
B050,Z050,392.7,2.01,10595,Operador C,0.917
B050,Z051,201.2,1.51,8012,Operador C,0.981
B050,Z052,226.8,1.63,7459,Operador C,0.92
B050,Z053,208.1,1.56,8964,Operador A,0.917
B050,Z054,232.8,1.69,8529,Operador A,0.947
B050,Z055,231.4,1.69,9324,Operador B,0.867
B050,Z056,235.1,1.72,7855,Operador A,0.961
B050,Z057,246.2,1.65,9700,Operador A,0.882
B050,Z058,228.8,1.56,7566,Operador A,0.929
B050,Z059,225.7,1.64,8490,Operador B,0.949
B050,Z060,231.8,1.57,7812,Operador A,0.926
B051,Z001,19.5,1.03,4395,Operador A,0.865
B051,Z002,25.4,0.98,4609,Operador C,0.953
B051,Z003,11.3,1.1,4195,Operador C,0.915
B051,Z004,13.8,1.09,4243,Operador C,0.909
B051,Z005,14.0,1.09,4219,Operador B,0.967
B051,Z006,22.9,1.08,4423,Operador C,0.91
B051,Z007,27.6,1.07,4584,Operador B,0.865
B051,Z008,23.1,1.06,4406,Operador B,0.873
B051,Z009,9.7,0.97,4204,Operador C,0.967
B051,Z010,27.2,1.08,4513,Operador A,0.953
B051,Z011,289.7,1.84,8711,Operador B,0.963
B051,Z012,313.4,1.84,8831,Operador A,0.94
B051,Z013,281.5,1.81,8709,Operador B,0.975
B051,Z014,318.2,1.88,9546,Operador A,0.899
B051,Z015,298.5,1.82,9932,Operador A,0.86
B051,Z016,331.7,1.98,10726,Operador A,0.943
B051,Z017,318.4,1.77,11629,Operador A,0.863
B051,Z018,283.7,1.85,10125,Operador A,0.89
B051,Z019,276.9,1.84,9627,Operador B,0.9
B051,Z020,302.1,1.83,10434,Operador A,0.91
B051,Z021,412.2,2.06,12640,Operador C,0.867
B051,Z022,397.2,1.98,10394,Operador C,0.905
B051,Z023,370.0,1.91,11187,Operador B,0.886
B051,Z024,411.8,2.14,12302,Operador C,0.889
B051,Z025,413.2,2.23,11262,Operador A,0.962
B051,Z026,417.9,2.06,10455,Operador C,0.966
B051,Z027,373.6,2.0,10038,Operador A,0.982
B051,Z028,408.7,2.2,11137,Operador B,0.986
B051,Z029,387.8,2.0,11262,Operador B,0.886
B051,Z030,376.9,2.11,12366,Operador A,0.952
B051,Z031,878.3,3.33,21014,Operador A,0.886
B051,Z032,906.6,3.52,18454,Operador B,0.976
B051,Z033,859.0,3.22,22074,Operador C,0.989
B051,Z034,920.6,3.38,18367,Operador A,0.91
B051,Z035,865.9,3.33,18107,Operador B,0.915
B051,Z036,960.5,3.64,20929,Operador A,0.98
B051,Z037,909.0,3.4,20586,Operador B,0.963
B051,Z038,900.0,3.54,18728,Operador C,0.911
B051,Z039,893.7,3.43,17750,Operador B,0.863
B051,Z040,894.0,3.42,20978,Operador A,0.919
B051,Z041,404.3,2.1,11949,Operador A,0.894
B051,Z042,372.3,2.02,11808,Operador B,0.986
B051,Z043,406.0,2.19,11434,Operador B,0.985
B051,Z044,371.3,2.06,9839,Operador C,0.901
B051,Z045,378.5,1.96,10478,Operador C,0.934
B051,Z046,401.1,2.18,10176,Operador C,0.939
B051,Z047,410.6,2.16,13099,Operador C,0.956
B051,Z048,375.3,1.92,12293,Operador B,0.974
B051,Z049,396.1,2.12,13001,Operador B,0.86
B051,Z050,366.5,2.01,12289,Operador C,0.938
B051,Z051,194.2,1.59,7165,Operador A,0.925
B051,Z052,208.0,1.65,8411,Operador B,0.87
B051,Z053,215.8,1.56,8913,Operador C,0.891
B051,Z054,203.5,1.63,7641,Operador A,0.911
B051,Z055,218.8,1.61,7486,Operador C,0.905
B051,Z056,210.8,1.63,7566,Operador A,0.911
B051,Z057,231.9,1.61,7510,Operador B,0.924
B051,Z058,210.7,1.51,8125,Operador C,0.961
B051,Z059,239.3,1.55,8667,Operador B,0.87
B051,Z060,221.8,1.62,8407,Operador C,0.891
B052,Z001,17.2,0.96,4260,Operador C,0.914
B052,Z002,17.2,0.97,4290,Operador B,0.981
B052,Z003,11.2,1.11,4179,Operador B,0.914
B052,Z004,16.7,1.12,4271,Operador B,0.868
B052,Z005,15.6,1.03,4336,Operador A,0.973
B052,Z006,15.6,0.95,4341,Operador A,0.906
B052,Z007,12.1,1.13,4188,Operador A,0.956
B052,Z008,20.7,1.11,4356,Operador B,0.961
B052,Z009,15.3,0.98,4235,Operador C,0.968
B052,Z010,17.1,1.03,4385,Operador B,0.941
B052,Z011,293.3,1.85,9709,Operador A,0.887
B052,Z012,296.0,1.83,8885,Operador B,0.889
B052,Z013,277.7,1.72,9884,Operador C,0.975
B052,Z014,324.0,1.99,10798,Operador A,0.92
B052,Z015,324.9,1.94,10434,Operador A,0.95
B052,Z016,304.0,1.74,9395,Operador C,0.883
B052,Z017,301.9,1.89,10129,Operador C,0.898
B052,Z018,296.6,1.84,8658,Operador B,0.953
B052,Z019,321.2,1.97,10534,Operador C,0.88
B052,Z020,332.9,1.86,11528,Operador A,0.916
B052,Z021,430.7,2.14,11835,Operador B,0.96
B052,Z022,404.8,2.2,11722,Operador B,0.875
B052,Z023,404.7,2.14,11975,Operador C,0.92
B052,Z024,403.1,1.99,13670,Operador B,0.978
B052,Z025,431.4,2.15,12214,Operador A,0.974
B052,Z026,449.0,2.28,14053,Operador B,0.909
B052,Z027,404.2,2.08,12452,Operador A,0.949
B052,Z028,391.1,2.05,10061,Operador B,0.978
B052,Z029,424.8,2.09,11717,Operador A,0.869
B052,Z030,403.3,2.13,13412,Operador B,0.93
B052,Z031,883.0,3.38,17342,Operador B,0.978
B052,Z032,958.2,3.7,26791,Operador C,0.876
B052,Z033,975.2,3.72,18883,Operador B,0.953
B052,Z034,879.9,3.48,21734,Operador A,0.892
B052,Z035,898.0,3.41,21420,Operador C,0.9
B052,Z036,973.3,3.59,19805,Operador A,0.927
B052,Z037,943.0,3.55,21923,Operador C,0.914
B052,Z038,884.7,3.49,24656,Operador C,0.877
B052,Z039,898.7,3.38,24059,Operador A,0.941
B052,Z040,952.7,3.48,19113,Operador B,0.9
B052,Z041,357.5,1.9,9504,Operador A,0.902
B052,Z042,403.3,2.1,11666,Operador C,0.889
B052,Z043,372.4,2.11,-4000,Operador B,0.955
B052,Z044,396.9,2.15,13049,Operador B,0.967
B052,Z045,337.5,1.94,10421,Operador C,0.912
B052,Z046,329.1,1.9,9435,Operador B,0.913
B052,Z047,402.2,2.17,11006,Operador A,0.955
B052,Z048,362.1,1.98,9900,Operador C,0.918
B052,Z049,336.9,1.83,10293,Operador C,0.91
B052,Z050,347.3,1.88,11426,Operador B,0.975
B052,Z051,234.1,1.59,9235,Operador C,0.872
B052,Z052,222.4,1.57,7606,Operador B,0.98
B052,Z053,246.0,1.75,9499,Operador C,0.932
B052,Z054,227.8,1.56,8343,Operador A,0.932
B052,Z055,248.0,1.65,8140,Operador C,0.95
B052,Z056,246.6,1.62,8566,Operador A,0.986
B052,Z057,237.3,1.62,9384,Operador C,0.921
B052,Z058,251.0,1.59,9188,Operador A,0.909
B052,Z059,244.9,1.69,9391,Operador B,0.881
B052,Z060,256.4,1.62,8322,Operador B,0.888
B053,Z001,20.0,0.99,4408,Operador C,0.883
B053,Z002,19.3,0.97,4454,Operador C,0.97
B053,Z003,14.8,1.1,4304,Operador A,0.963
B053,Z004,21.0,1.06,4443,Operador A,0.951
B053,Z005,18.3,1.07,4308,Operador A,0.967
B053,Z006,17.2,0.95,4280,Operador B,0.95
B053,Z007,14.7,1.07,4256,Operador C,0.981
B053,Z008,23.8,1.14,4459,Operador C,0.968
B053,Z009,18.5,1.05,4423,Operador A,0.958
B053,Z010,21.4,1.13,4355,Operador A,0.969
B053,Z011,289.9,1.76,10452,Operador A,0.987
B053,Z012,278.0,1.83,8998,Operador B,0.902
B053,Z013,276.0,1.78,9820,Operador A,0.978
B053,Z014,287.2,1.71,8755,Operador A,0.964
B053,Z015,305.2,1.93,10956,Operador B,0.862
B053,Z016,296.0,1.76,9595,Operador A,0.974
B053,Z017,304.8,1.72,9514,Operador B,0.99
B053,Z018,293.7,1.71,9041,Operador C,0.861
B053,Z019,322.5,1.78,11596,Operador C,0.914
B053,Z020,316.9,1.82,10754,Operador B,0.916
B053,Z021,454.9,2.25,14633,Operador B,0.984
B053,Z022,388.3,2.13,11775,Operador B,0.929
B053,Z023,440.2,2.08,10713,Operador C,0.964
B053,Z024,414.9,2.22,11550,Operador B,0.938
B053,Z025,433.3,2.08,12983,Operador A,0.961
B053,Z026,452.7,2.3,13705,Operador C,0.958
B053,Z027,442.2,2.16,14515,Operador A,0.905
B053,Z028,408.6,2.21,11956,Operador A,0.907
B053,Z029,396.2,1.96,12446,Operador B,0.893
B053,Z030,443.2,2.23,13209,Operador C,0.975
B053,Z031,914.6,3.5,25618,Operador C,0.894
B053,Z032,937.1,3.63,24470,Operador B,0.972
B053,Z033,879.1,3.44,18337,Operador B,0.894
B053,Z034,909.6,3.35,18422,Operador A,0.969
B053,Z035,961.0,3.55,23707,Operador C,0.905
B053,Z036,928.5,3.59,19153,Operador C,0.914
B053,Z037,916.3,3.42,22818,Operador A,0.908
B053,Z038,896.3,3.32,23080,Operador A,0.876
B053,Z039,865.7,3.44,18482,Operador B,0.872
B053,Z040,948.2,3.65,19768,Operador C,0.909
B053,Z041,372.2,2.05,12104,Operador B,0.902
B053,Z042,405.5,2.04,10464,Operador A,0.911
B053,Z043,394.8,2.16,10545,Operador B,0.949
B053,Z044,339.1,1.96,10001,Operador A,0.955
B053,Z045,341.3,1.9,11224,Operador A,0.915
B053,Z046,359.3,1.9,10557,Operador C,0.965
B053,Z047,378.0,1.92,11635,Operador A,0.893
B053,Z048,336.0,1.84,9136,Operador C,0.981
B053,Z049,340.8,1.97,11252,Operador B,0.968
B053,Z050,347.4,1.91,10433,Operador A,0.99
B053,Z051,222.7,1.58,8814,Operador B,0.896
B053,Z052,225.7,1.7,8623,Operador B,0.921
B053,Z053,230.4,1.56,8098,Operador B,0.898
B053,Z054,237.7,1.74,9225,Operador C,0.989
B053,Z055,234.2,1.64,7901,Operador A,0.905
B053,Z056,248.1,1.72,9662,Operador C,0.951
B053,Z057,250.0,1.69,7872,Operador B,0.985
B053,Z058,257.2,1.63,9628,Operador A,0.99
B053,Z059,263.8,1.7,8074,Operador A,0.973
B053,Z060,232.6,1.54,9156,Operador A,0.936
B054,Z001,21.0,1.03,4360,Operador C,0.949
B054,Z002,20.2,1.13,4469,Operador A,0.86
B054,Z003,14.7,1.08,4309,Operador B,0.924
B054,Z004,21.0,1.03,4363,Operador A,0.914
B054,Z005,20.5,0.95,4461,Operador B,0.957
B054,Z006,17.4,0.97,4390,Operador A,0.918
B054,Z007,15.6,0.99,4319,Operador A,0.887
B054,Z008,27.3,1.13,4425,Operador A,0.97
B054,Z009,17.6,1.1,4380,Operador C,0.864
B054,Z010,21.7,1.0,4329,Operador B,0.86
B054,Z011,296.8,1.77,10668,Operador A,0.881
B054,Z012,285.1,1.72,9263,Operador A,0.954
B054,Z013,300.5,1.86,10248,Operador B,0.936
B054,Z014,283.4,1.77,9939,Operador B,0.952
B054,Z015,307.3,1.83,9554,Operador B,0.961
B054,Z016,329.3,1.87,10663,Operador A,0.928
B054,Z017,307.3,1.79,10318,Operador B,0.981
B054,Z018,304.7,1.85,9570,Operador B,0.931
B054,Z019,289.5,1.79,8597,Operador C,0.972
B054,Z020,294.8,1.77,9670,Operador C,0.879
B054,Z021,451.4,2.2,12423,Operador C,0.934
B054,Z022,418.2,2.18,12645,Operador A,0.923
B054,Z023,425.3,2.09,13747,Operador C,0.96
B054,Z024,416.4,2.12,13544,Operador B,0.984
B054,Z025,421.8,2.08,13946,Operador C,0.938
B054,Z026,393.9,1.96,9939,Operador B,0.92
B054,Z027,406.9,2.08,12350,Operador A,0.943
B054,Z028,398.4,2.18,10346,Operador A,0.913
B054,Z029,383.3,2.09,9983,Operador B,0.886
B054,Z030,411.6,2.2,13040,Operador B,0.975
B054,Z031,948.4,3.5,18542,Operador B,0.879
B054,Z032,941.9,3.45,24782,Operador A,0.896
B054,Z033,845.3,3.38,17095,Operador A,0.97
B054,Z034,892.6,3.39,24179,Operador C,0.989
B054,Z035,861.6,3.29,20438,Operador B,0.934
B054,Z036,861.7,3.42,19498,Operador B,0.868
B054,Z037,884.5,3.4,21353,Operador B,0.882
B054,Z038,965.6,3.66,20154,Operador C,0.945
B054,Z039,973.7,3.73,24178,Operador A,0.989
B054,Z040,867.8,3.4,18974,Operador C,0.897
B054,Z041,401.2,2.04,11225,Operador A,0.97
B054,Z042,379.4,2.13,12530,Operador B,0.975
B054,Z043,389.4,2.02,10696,Operador C,0.908
B054,Z044,364.5,1.97,10684,Operador A,0.862
B054,Z045,373.6,1.92,9962,Operador B,0.957
B054,Z046,375.3,2.12,12579,Operador B,0.917
B054,Z047,390.7,2.07,10522,Operador A,0.874
B054,Z048,334.8,1.82,10919,Operador A,0.974
B054,Z049,343.5,1.91,12090,Operador A,0.947
B054,Z050,352.4,1.93,9423,Operador B,0.909
B054,Z051,233.1,1.57,7553,Operador A,0.957
B054,Z052,229.5,1.66,7935,Operador C,0.937
B054,Z053,252.4,1.75,8764,Operador C,0.99
B054,Z054,238.6,1.6,9327,Operador B,0.913
B054,Z055,235.9,1.63,9127,Operador B,0.986
B054,Z056,263.5,1.68,9547,Operador A,0.872
B054,Z057,257.2,1.69,8698,Operador B,0.916
B054,Z058,256.4,1.65,8630,Operador C,0.935
B054,Z059,248.4,1.64,8462,Operador B,0.954
B054,Z060,252.4,1.63,9061,Operador C,0.906
B055,Z001,319.8,1.88,9792,Operador B,0.862
B055,Z002,326.4,1.9,9643,Operador B,0.925
B055,Z003,277.1,1.75,9567,Operador B,0.908
B055,Z004,290.4,1.81,9278,Operador C,0.937
B055,Z005,314.8,1.76,10617,Operador C,0.952
B055,Z006,299.4,1.92,10388,Operador C,0.933
B055,Z007,301.1,1.76,8748,Operador B,0.895
B055,Z008,335.3,1.88,10183,Operador C,0.94
B055,Z009,276.5,1.8,10451,Operador A,0.888
B055,Z010,296.0,1.77,9659,Operador A,0.938
B055,Z011,8,1.05,4128,Operador A,0.906
B055,Z012,8,1.03,4135,Operador B,0.956
B055,Z013,18.8,0.94,4421,Operador C,0.948
B055,Z014,8,0.97,4187,Operador C,0.979
B055,Z015,15.1,1.01,4360,Operador B,0.905
B055,Z016,22.8,1.07,4472,Operador C,0.864
B055,Z017,29.4,0.98,4606,Operador B,0.868
B055,Z018,11.8,1.08,4279,Operador C,0.958
B055,Z019,31.5,1.17,4477,Operador B,0.873
B055,Z020,16.5,1.15,4301,Operador A,0.977
B055,Z021,411.8,2.07,10685,Operador C,0.951
B055,Z022,414.7,2.19,12143,Operador A,0.948
B055,Z023,407.9,2.13,10340,Operador B,0.878
B055,Z024,434.5,2.1,12249,Operador B,0.966
B055,Z025,391.7,2.05,11132,Operador C,0.937
B055,Z026,398.7,2.05,11704,Operador C,0.963
B055,Z027,404.5,2.19,10702,Operador B,0.91
B055,Z028,419.8,2.05,12933,Operador A,0.885
B055,Z029,430.2,2.16,14217,Operador C,0.968
B055,Z030,422.0,2.05,11213,Operador B,0.935
B055,Z031,709.2,2.98,17204,Operador C,0.96
B055,Z032,674.9,2.84,15204,Operador C,0.939
B055,Z033,702.3,2.96,17731,Operador B,0.895
B055,Z034,690.3,2.89,18426,Operador A,0.961
B055,Z035,683.3,2.8,18366,Operador C,0.951
B055,Z036,698.9,2.97,14883,Operador A,0.974
B055,Z037,663.9,2.87,19163,Operador C,0.959
B055,Z038,780.4,3.05,16792,Operador C,0.968
B055,Z039,738.3,3.1,17018,Operador A,0.984
B055,Z040,713.9,2.93,15405,Operador B,0.911
B055,Z041,367.6,1.97,9561,Operador B,0.89
B055,Z042,398.3,2.16,13106,Operador C,0.905
B055,Z043,375.3,2.01,11783,Operador B,0.902
B055,Z044,408.7,2.18,11865,Operador A,0.947
B055,Z045,381.6,2.09,13094,Operador B,0.947
B055,Z046,357.1,1.99,11290,Operador B,0.961
B055,Z047,408.4,2.01,12301,Operador A,0.871
B055,Z048,364.5,2.03,11741,Operador C,0.895
B055,Z049,358.0,2.05,12409,Operador A,0.932
B055,Z050,381.0,2.05,11330,Operador A,0.865
B055,Z051,181.5,1.43,8354,Operador A,0.869
B055,Z052,212.4,1.63,7875,Operador B,0.96
B055,Z053,189.5,1.46,8445,Operador B,0.913
B055,Z054,207.2,1.6,8950,Operador B,0.916
B055,Z055,195.7,1.49,8682,Operador B,0.953
B055,Z056,180.5,1.42,7636,Operador B,0.889
B055,Z057,189.7,1.59,7782,Operador B,0.886
B055,Z058,186.1,1.61,7514,Operador B,0.938
B055,Z059,194.0,1.52,7422,Operador B,0.925
B055,Z060,196.6,1.45,8097,Operador B,0.988
B056,Z001,307.9,1.92,9980,Operador C,0.925
B056,Z002,343.8,2.0,11181,Operador C,0.97
B056,Z003,324.6,1.87,10570,Operador B,0.93
B056,Z004,327.9,1.95,10662,Operador A,0.973
B056,Z005,321.3,1.76,10719,Operador B,0.891
B056,Z006,309.4,1.75,11086,Operador B,0.923
B056,Z007,332.2,1.86,10440,Operador A,0.976
B056,Z008,331.0,1.95,11526,Operador C,0.953
B056,Z009,314.7,1.75,11108,Operador A,0.883
B056,Z010,321.0,1.93,8861,Operador A,0.907
B056,Z011,8,1.01,4173,Operador B,0.913
B056,Z012,8,1.05,4158,Operador C,0.97
B056,Z013,15.8,1.05,4272,Operador B,0.963
B056,Z014,8,1.0,4154,Operador A,0.893
B056,Z015,8,1.04,4178,Operador A,0.879
B056,Z016,11.4,1.13,4240,Operador C,0.901
B056,Z017,17.0,1.01,4332,Operador B,0.985
B056,Z018,9.6,1.08,4205,Operador A,0.933
B056,Z019,20.3,1.11,4436,Operador B,0.962
B056,Z020,8,0.95,4182,Operador B,0.959
B056,Z021,438.5,2.14,12027,Operador C,0.978
B056,Z022,438.6,2.29,11229,Operador C,0.905
B056,Z023,434.4,2.09,12071,Operador A,0.891
B056,Z024,409.1,2.19,10521,Operador B,0.971
B056,Z025,420.4,2.17,12459,Operador C,0.901
B056,Z026,441.0,2.15,14463,Operador C,0.92
B056,Z027,429.4,2.11,13966,Operador C,0.948
B056,Z028,417.5,2.12,13304,Operador B,0.942
B056,Z029,435.3,2.07,14293,Operador C,0.95
B056,Z030,434.9,2.23,12372,Operador B,0.97
B056,Z031,741.9,2.91,21244,Operador C,0.885
B056,Z032,710.7,2.85,17548,Operador C,0.883
B056,Z033,715.5,3.01,15763,Operador C,0.872
B056,Z034,697.7,2.83,17781,Operador A,0.922
B056,Z035,678.9,2.8,14676,Operador C,0.91
B056,Z036,739.2,2.91,20424,Operador C,0.866
B056,Z037,740.3,2.9,20751,Operador C,0.975
B056,Z038,759.3,3.14,20168,Operador A,0.984
B056,Z039,731.5,2.99,19001,Operador A,0.902
B056,Z040,768.7,3.02,18058,Operador A,0.911
B056,Z041,416.7,2.18,10432,Operador B,0.903
B056,Z042,397.5,2.17,13181,Operador B,0.933
B056,Z043,392.0,1.96,10528,Operador C,0.963
B056,Z044,368.9,1.92,11225,Operador A,0.882
B056,Z045,376.8,1.99,9978,Operador C,0.872
B056,Z046,357.3,1.9,9627,Operador A,0.878
B056,Z047,395.7,2.08,10693,Operador C,0.896
B056,Z048,402.5,2.19,10736,Operador B,0.972
B056,Z049,393.6,1.99,10692,Operador C,0.878
B056,Z050,390.5,2.16,11237,Operador C,0.871
B056,Z051,204.1,1.64,8501,Operador C,0.892
B056,Z052,204.8,1.5,7878,Operador B,0.911
B056,Z053,216.8,1.65,7640,Operador A,0.951
B056,Z054,214.0,1.57,8289,Operador A,0.87
B056,Z055,201.5,1.62,8161,Operador A,0.901
B056,Z056,204.4,1.5,7961,Operador C,0.93
B056,Z057,219.3,1.49,8346,Operador B,0.981
B056,Z058,210.6,1.48,7977,Operador A,0.971
B056,Z059,211.9,1.61,7864,Operador A,0.919
B056,Z060,204.5,1.48,7281,Operador A,0.88
B057,Z001,295.5,1.89,8889,Operador C,0.87
B057,Z002,334.9,1.81,9872,Operador A,0.973
B057,Z003,294.5,1.71,9623,Operador A,0.918
B057,Z004,319.2,1.93,11063,Operador A,0.877
B057,Z005,310.7,1.91,10983,Operador C,0.927
B057,Z006,314.8,1.89,9779,Operador B,0.93
B057,Z007,307.1,1.82,8836,Operador A,0.984
B057,Z008,323.2,1.77,11418,Operador A,0.906
B057,Z009,309.9,1.88,9169,Operador C,0.862
B057,Z010,334.0,2.0,9106,Operador B,0.928
B057,Z011,9.9,1.0,4190,Operador A,0.917
B057,Z012,9.6,1.13,4192,Operador C,0.975
B057,Z013,9.9,0.95,4212,Operador A,0.955
B057,Z014,8,1.06,4133,Operador B,0.906
B057,Z015,9.0,0.99,4174,Operador A,0.984
B057,Z016,15.2,1.02,4358,Operador A,0.871
B057,Z017,18.5,0.97,4324,Operador B,0.917
B057,Z018,8,1.11,4187,Operador C,0.862
B057,Z019,18.5,1.09,4328,Operador A,0.919
B057,Z020,12.8,1.06,4285,Operador C,0.959
B057,Z021,427.5,2.23,14253,Operador B,0.982
B057,Z022,428.4,2.25,13930,Operador A,0.935
B057,Z023,432.4,2.16,11056,Operador A,0.934
B057,Z024,422.6,2.1,12369,Operador B,0.978
B057,Z025,429.7,2.25,10458,Operador A,0.911
B057,Z026,415.5,2.18,10232,Operador B,0.886
B057,Z027,467.1,2.26,12117,Operador C,0.983
B057,Z028,440.8,2.12,14343,Operador B,0.922
B057,Z029,415.3,2.18,11504,Operador C,0.863
B057,Z030,439.2,2.15,13866,Operador B,0.93
B057,Z031,775.6,3.06,21813,Operador B,0.951
B057,Z032,666.3,2.75,19929,Operador A,0.883
B057,Z033,701.8,2.99,20268,Operador A,0.88
B057,Z034,684.0,2.8,20022,Operador C,0.934
B057,Z035,748.8,3.09,16112,Operador B,0.923
B057,Z036,726.0,2.85,18698,Operador A,0.908
B057,Z037,701.6,2.92,18331,Operador C,0.882
B057,Z038,681.0,2.8,17209,Operador A,0.912
B057,Z039,699.5,2.86,14551,Operador A,0.923
B057,Z040,702.6,2.8,18757,Operador A,0.929
B057,Z041,373.1,2.05,10507,Operador B,0.932
B057,Z042,426.4,2.05,13669,Operador B,0.901
B057,Z043,403.1,2.08,12794,Operador C,0.888
B057,Z044,382.1,2.0,12780,Operador C,0.87
B057,Z045,409.9,2.1,11769,Operador B,0.899
B057,Z046,369.7,2.07,11057,Operador B,0.975
B057,Z047,369.5,1.91,11171,Operador A,0.975
B057,Z048,389.8,2.05,12052,Operador B,0.981
B057,Z049,359.0,1.98,12207,Operador A,0.957
B057,Z050,370.8,1.94,11034,Operador C,0.98
B057,Z051,210.9,1.67,8081,Operador C,0.892
B057,Z052,196.2,1.53,7495,Operador A,0.985
B057,Z053,212.4,1.61,7651,Operador C,0.893
B057,Z054,203.5,1.49,8247,Operador B,0.862
B057,Z055,230.9,1.72,9458,Operador A,0.96
B057,Z056,194.4,1.6,7997,Operador B,0.966
B057,Z057,190.7,1.41,8494,Operador C,0.907
B057,Z058,205.5,1.66,7520,Operador B,0.911
B057,Z059,197.5,1.47,8178,Operador B,0.948
B057,Z060,202.2,1.64,8474,Operador A,0.882
B058,Z001,307.8,1.88,10713,Operador B,0.97
B058,Z002,275.2,1.67,8674,Operador C,0.869
B058,Z003,281.3,1.82,8721,Operador B,0.963
B058,Z004,261.9,1.8,8733,Operador B,0.98
B058,Z005,261.5,1.77,9014,Operador B,0.964
B058,Z006,309.5,1.74,9307,Operador A,0.862
B058,Z007,302.5,1.73,9587,Operador A,0.936
B058,Z008,277.7,1.74,9313,Operador C,0.936
B058,Z009,258.1,1.69,7882,Operador B,0.927
B058,Z010,283.7,1.8,9772,Operador C,0.954
B058,Z011,37.5,1.12,4698,Operador B,0.937
B058,Z012,37.2,1.17,4663,Operador B,0.901
B058,Z013,19.4,1.01,4323,Operador A,0.899
B058,Z014,35.9,1.15,4840,Operador C,0.907
B058,Z015,39.5,1.04,4754,Operador A,0.913
B058,Z016,43.4,1.17,4710,Operador C,0.884
B058,Z017,35.9,1.2,4753,Operador A,0.911
B058,Z018,28.7,1.15,4628,Operador A,0.906
B058,Z019,32.4,1.13,4606,Operador A,0.951
B058,Z020,42.7,1.2,4659,Operador C,0.905
B058,Z021,443.5,2.1,12427,Operador B,0.894
B058,Z022,455.6,2.25,12379,Operador B,0.975
B058,Z023,421.6,2.21,14079,Operador B,0.886
B058,Z024,425.7,2.24,10680,Operador C,0.893
B058,Z025,469.4,2.37,12958,Operador B,0.941
B058,Z026,417.0,2.2,13021,Operador A,0.951
B058,Z027,439.7,2.27,13552,Operador A,0.887
B058,Z028,412.1,2.2,11118,Operador A,0.927
B058,Z029,407.0,2.16,11672,Operador A,0.972
B058,Z030,440.9,2.23,13279,Operador C,0.866
B058,Z031,707.7,2.82,16259,Operador B,0.983
B058,Z032,730.9,3.01,19477,Operador C,0.936
B058,Z033,766.9,3.01,19517,Operador B,0.959
B058,Z034,691.5,2.95,17831,Operador C,0.987
B058,Z035,717.1,2.87,17773,Operador A,0.929
B058,Z036,730.2,2.88,20316,Operador A,0.935
B058,Z037,695.7,2.99,16147,Operador C,0.865
B058,Z038,674.9,2.72,15951,Operador A,0.947
B058,Z039,692.7,2.81,15053,Operador B,0.926
B058,Z040,777.2,3.06,22259,Operador C,0.876
B058,Z041,374.9,2.03,10425,Operador A,0.893
B058,Z042,353.3,1.86,12473,Operador B,0.896
B058,Z043,359.6,1.99,9817,Operador C,0.866
B058,Z044,346.1,1.85,10968,Operador A,0.976
B058,Z045,380.1,1.92,10920,Operador A,0.881
B058,Z046,351.3,1.96,11127,Operador B,0.955
B058,Z047,386.1,2.07,12777,Operador B,0.964
B058,Z048,332.2,1.8,9940,Operador A,0.985
B058,Z049,329.6,1.9,10076,Operador C,0.895
B058,Z050,375.6,2.03,10694,Operador C,0.953
B058,Z051,216.3,1.59,8789,Operador A,0.943
B058,Z052,193.7,1.6,7731,Operador B,0.981
B058,Z053,200.3,1.5,7414,Operador A,0.879
B058,Z054,220.7,1.52,8003,Operador A,0.984
B058,Z055,216.7,1.61,7281,Operador A,0.977
B058,Z056,207.6,1.47,7698,Operador C,0.932
B058,Z057,198.6,1.51,7357,Operador C,0.986
B058,Z058,222.8,1.71,7747,Operador B,0.877
B058,Z059,195.5,1.47,6957,Operador C,0.922
B058,Z060,199.1,1.46,7713,Operador B,0.906
B059,Z001,307.5,1.92,10179,Operador C,0.92
B059,Z002,302.8,1.92,8635,Operador B,0.939
B059,Z003,288.0,1.86,10259,Operador A,0.98
B059,Z004,295.4,1.73,8849,Operador C,0.966
B059,Z005,296.5,1.72,9538,Operador C,0.931
B059,Z006,284.7,1.74,9656,Operador B,0.919
B059,Z007,268.7,1.63,8420,Operador C,0.957
B059,Z008,299.3,1.73,10381,Operador A,0.869
B059,Z009,277.2,1.74,9799,Operador C,0.923
B059,Z010,311.8,1.87,11079,Operador A,0.862
B059,Z011,39.6,1.1,4910,Operador A,0.914
B059,Z012,34.7,1.16,4628,Operador B,0.866
B059,Z013,17.6,1.12,4373,Operador A,0.97
B059,Z014,33.1,1.14,4780,Operador A,0.972
B059,Z015,37.3,1.0,4757,Operador C,0.986
B059,Z016,40.2,1.18,4944,Operador B,0.882
B059,Z017,37.0,1.17,4804,Operador C,0.915
B059,Z018,25.0,1.16,4497,Operador C,0.986
B059,Z019,29.2,1.09,4544,Operador C,0.876
B059,Z020,39.4,1.05,4594,Operador B,0.949
B059,Z021,453.5,2.18,12913,Operador C,0.892
B059,Z022,413.7,2.11,12792,Operador C,0.967
B059,Z023,459.8,2.21,13759,Operador C,0.949
B059,Z024,414.4,2.07,12897,Operador B,0.91
B059,Z025,418.2,2.21,12929,Operador A,0.969
B059,Z026,413.6,2.07,13334,Operador B,0.885
B059,Z027,442.1,2.13,12979,Operador B,0.915
B059,Z028,412.6,2.08,10204,Operador B,0.927
B059,Z029,440.8,2.17,13041,Operador B,0.952
B059,Z030,434.2,2.23,13476,Operador A,0.94
B059,Z031,667.5,2.91,17691,Operador A,0.883
B059,Z032,675.4,2.74,18227,Operador A,0.879
B059,Z033,757.1,3.09,21988,Operador B,0.959
B059,Z034,668.8,2.7,16154,Operador A,0.881
B059,Z035,717.2,2.99,15150,Operador B,0.967
B059,Z036,713.5,2.87,14760,Operador C,0.869
B059,Z037,754.3,3.0,20265,Operador C,0.985
B059,Z038,692.9,2.89,19388,Operador C,0.986
B059,Z039,705.1,2.95,16094,Operador C,0.98
B059,Z040,675.4,2.77,16257,Operador B,0.958
B059,Z041,377.2,2.12,10985,Operador B,0.871
B059,Z042,394.1,2.08,13251,Operador A,0.973
B059,Z043,373.5,2.05,12544,Operador B,0.951
B059,Z044,374.3,2.01,12502,Operador A,0.93
B059,Z045,361.9,2.09,9490,Operador B,0.93
B059,Z046,359.4,2.07,9684,Operador C,0.916
B059,Z047,376.0,1.97,12137,Operador A,0.924
B059,Z048,339.2,1.89,9124,Operador C,0.946
B059,Z049,339.6,1.91,11724,Operador C,0.928
B059,Z050,354.7,2.04,10612,Operador B,0.864
B059,Z051,215.7,1.59,7899,Operador B,0.889
B059,Z052,223.5,1.71,8613,Operador C,0.944
B059,Z053,222.1,1.66,7749,Operador B,0.949
B059,Z054,216.2,1.5,8546,Operador B,0.985
B059,Z055,224.3,1.68,8554,Operador A,0.865
B059,Z056,212.3,1.55,8978,Operador B,0.937
B059,Z057,215.4,1.66,7641,Operador B,0.974
B059,Z058,200.3,1.53,8371,Operador A,0.907
B059,Z059,215.1,1.62,8596,Operador A,0.962
B059,Z060,205.0,1.56,7309,Operador A,0.9
B060,Z001,306.1,1.9,9836,Operador B,0.92
B060,Z002,287.1,1.69,10605,Operador A,0.912
B060,Z003,253.9,1.71,8985,Operador A,0.867
B060,Z004,263.7,1.81,9185,Operador C,0.951
B060,Z005,293.2,1.7,9486,Operador A,0.968
B060,Z006,283.9,1.8,8396,Operador C,0.941
B060,Z007,281.5,1.85,8652,Operador A,0.966
B060,Z008,305.1,1.78,9820,Operador B,0.978
B060,Z009,259.8,1.77,8723,Operador C,0.964
B060,Z010,302.6,1.85,8899,Operador A,0.925
B060,Z011,39.9,1.14,4927,Operador A,0.886
B060,Z012,36.2,1.0,4796,Operador B,0.866
B060,Z013,19.1,1.08,4331,Operador C,0.963
B060,Z014,32.0,1.11,4500,Operador C,0.901
B060,Z015,37.1,1.02,4636,Operador C,0.949
B060,Z016,46.1,1.21,4898,Operador C,0.914
B060,Z017,40.1,1.14,4887,Operador C,0.965
B060,Z018,25.9,1.18,4485,Operador C,0.912
B060,Z019,29.5,1.0,4662,Operador C,0.959
B060,Z020,43.1,1.08,4889,Operador B,0.912
B060,Z021,445.0,2.27,14256,Operador A,0.893
B060,Z022,399.3,2.0,13030,Operador A,0.87
B060,Z023,445.8,2.23,14246,Operador C,0.863
B060,Z024,432.2,2.25,13262,Operador C,0.983
B060,Z025,447.0,2.11,14116,Operador C,0.903
B060,Z026,417.3,2.06,13160,Operador C,0.96
B060,Z027,443.4,2.25,14220,Operador C,0.892
B060,Z028,455.5,2.3,11118,Operador C,0.882
B060,Z029,464.0,2.23,14516,Operador C,0.91
B060,Z030,466.2,2.27,12792,Operador A,0.87
B060,Z031,771.1,3.17,22104,Operador C,0.962
B060,Z032,664.6,2.76,17556,Operador A,0.926
B060,Z033,755.6,2.96,17369,Operador A,0.981
B060,Z034,693.7,2.83,18059,Operador C,0.875
B060,Z035,712.0,2.82,19764,Operador A,0.937
B060,Z036,765.8,3.0,19838,Operador B,0.937
B060,Z037,753.4,3.13,19883,Operador C,0.983
B060,Z038,764.6,3.09,15897,Operador B,0.866
B060,Z039,731.3,3.06,18870,Operador A,0.919
B060,Z040,739.7,3.11,19164,Operador B,0.904
B060,Z041,376.0,2.0,12580,Operador A,0.903
B060,Z042,380.6,1.96,12350,Operador C,0.967
B060,Z043,335.3,1.96,11119,Operador A,0.966
B060,Z044,367.2,1.96,9627,Operador B,0.959
B060,Z045,348.2,1.92,11308,Operador C,0.874
B060,Z046,341.7,1.88,10559,Operador C,0.915
B060,Z047,341.2,1.9,12131,Operador C,0.92
B060,Z048,372.0,2.08,10875,Operador B,0.899
B060,Z049,362.7,2.05,9999,Operador C,0.953
B060,Z050,368.4,1.98,11535,Operador C,0.904
B060,Z051,198.7,1.58,8640,Operador C,0.97
B060,Z052,211.7,1.5,7712,Operador B,0.973
B060,Z053,202.6,1.64,8208,Operador B,0.9
B060,Z054,189.2,1.54,6941,Operador A,0.953
B060,Z055,215.7,1.48,7694,Operador C,0.97
B060,Z056,211.3,1.48,9019,Operador A,0.904
B060,Z057,194.2,1.56,8557,Operador C,0.919
B060,Z058,217.2,1.53,7825,Operador C,0.883
B060,Z059,209.0,1.55,7596,Operador B,0.956
B060,Z060,189.7,1.61,7935,Operador A,0.929
B061,Z001,333.7,1.82,11400,Operador C,0.863
B061,Z002,339.0,1.99,,Operador B,0.964
B061,Z003,319.9,1.86,9822,Operador C,0.97
B061,Z004,307.3,1.77,9763,Operador B,0.95
B061,Z005,325.9,1.87,10059,Operador B,0.869
B061,Z006,309.3,1.92,11325,Operador B,0.884
B061,Z007,314.5,1.77,9897,Operador C,0.928
B061,Z008,324.6,1.88,11287,Operador C,0.944
B061,Z009,284.2,1.86,10482,Operador A,0.903
B061,Z010,315.2,1.95,9016,Operador C,0.976
B061,Z011,8,1.11,4138,Operador A,0.898
B061,Z012,8,0.95,4168,Operador A,0.88
B061,Z013,22.9,0.96,4377,Operador B,0.986
B061,Z014,10.0,1.09,4223,Operador C,0.933
B061,Z015,17.5,0.95,4286,Operador A,0.928
B061,Z016,20.5,1.02,4402,Operador A,0.94
B061,Z017,31.1,1.09,4574,Operador A,0.89
B061,Z018,16.2,0.99,4329,Operador C,0.938
B061,Z019,31.9,1.05,4622,Operador B,0.986
B061,Z020,17.9,0.97,4418,Operador C,0.897
B061,Z021,395.8,2.13,10848,Operador B,0.928
B061,Z022,399.7,2.08,13124,Operador A,0.972
B061,Z023,442.2,2.29,13648,Operador A,0.893
B061,Z024,393.6,2.0,11314,Operador A,0.866
B061,Z025,425.3,2.24,11448,Operador B,0.936
B061,Z026,394.6,2.03,10299,Operador A,0.92
B061,Z027,429.1,2.13,10715,Operador C,0.926
B061,Z028,460.5,2.33,14686,Operador B,0.952
B061,Z029,415.1,2.13,13563,Operador C,0.88
B061,Z030,449.1,2.21,12102,Operador B,0.929
B061,Z031,742.3,3.06,16948,Operador B,0.925
B061,Z032,660.2,2.86,18489,Operador B,0.939
B061,Z033,697.0,2.92,19982,Operador A,0.988
B061,Z034,741.0,3.06,20694,Operador A,0.986
B061,Z035,748.7,3.07,16964,Operador B,0.9
B061,Z036,677.6,2.77,14179,Operador C,0.986
B061,Z037,674.7,2.8,18525,Operador A,0.97
B061,Z038,726.4,2.88,16152,Operador A,0.872
B061,Z039,775.7,3.0,18013,Operador C,0.872
B061,Z040,792.6,3.22,19349,Operador B,0.93
B061,Z041,396.8,2.12,12312,Operador C,0.874
B061,Z042,419.6,2.16,10843,Operador A,0.952
B061,Z043,405.4,2.07,11795,Operador C,0.904
B061,Z044,417.5,2.06,11948,Operador A,0.974
B061,Z045,395.3,2.04,13390,Operador A,0.98
B061,Z046,423.2,2.08,14086,Operador C,0.923
B061,Z047,399.7,2.18,10981,Operador C,0.926
B061,Z048,429.8,2.06,11339,Operador C,0.938
B061,Z049,370.0,1.95,12438,Operador C,0.922
B061,Z050,411.3,2.14,10675,Operador A,0.968
B061,Z051,205.4,1.63,7749,Operador C,0.866
B061,Z052,211.5,1.65,8120,Operador C,0.895
B061,Z053,196.3,1.5,7310,Operador A,0.86
B061,Z054,183.5,1.55,7549,Operador C,0.944
B061,Z055,196.6,1.59,8003,Operador B,0.973
B061,Z056,199.3,1.61,7177,Operador A,0.99
B061,Z057,211.5,1.5,8266,Operador A,0.983
B061,Z058,202.1,1.47,7511,Operador A,0.956
B061,Z059,195.9,1.57,8604,Operador A,0.916
B061,Z060,193.8,1.47,8622,Operador A,0.873
B062,Z001,293.9,1.86,8988,Operador B,0.874
B062,Z002,330.4,1.87,10492,Operador A,0.871
B062,Z003,324.1,1.8,10566,Operador B,0.867
B062,Z004,325.9,1.94,9387,Operador C,0.968
B062,Z005,320.9,1.95,9471,Operador B,0.962
B062,Z006,328.9,1.96,10041,Operador A,0.919
B062,Z007,300.9,1.85,9863,Operador C,0.907
B062,Z008,322.6,1.98,9462,Operador B,0.927
B062,Z009,293.3,1.8,10285,Operador A,0.902
B062,Z010,317.0,1.79,11493,Operador A,0.909
B062,Z011,9.5,0.99,4155,Operador B,0.892
B062,Z012,8.2,1.0,4135,Operador C,0.866
B062,Z013,24.9,1.01,4431,Operador B,0.937
B062,Z014,12.1,1.0,4271,Operador A,0.954
B062,Z015,19.8,1.15,4321,Operador A,0.879
B062,Z016,24.7,1.06,4414,Operador B,0.921
B062,Z017,34.4,1.16,4768,Operador B,0.947
B062,Z018,19.0,1.08,4315,Operador A,0.878
B062,Z019,34.5,1.12,4827,Operador A,0.964
B062,Z020,17.1,1.13,4387,Operador A,0.965
B062,Z021,411.1,2.16,12324,Operador B,0.954
B062,Z022,434.4,2.18,14079,Operador C,0.976
B062,Z023,431.6,2.17,11199,Operador A,0.906
B062,Z024,423.2,2.1,11641,Operador B,0.942
B062,Z025,409.9,2.03,12029,Operador A,0.915
B062,Z026,434.8,2.2,10848,Operador A,0.898
B062,Z027,420.6,2.23,11966,Operador C,0.862
B062,Z028,442.9,2.29,14404,Operador B,0.983
B062,Z029,391.1,2.08,11327,Operador C,0.973
B062,Z030,442.3,2.14,12009,Operador A,0.861
B062,Z031,741.2,3.07,17589,Operador C,0.954
B062,Z032,767.0,3.0,20684,Operador C,0.875
B062,Z033,765.4,3.05,16739,Operador B,0.983
B062,Z034,723.9,3.06,19933,Operador B,0.888
B062,Z035,687.2,2.75,16839,Operador C,0.911
B062,Z036,701.9,2.97,16177,Operador C,0.861
B062,Z037,738.4,3.1,15746,Operador C,0.865
B062,Z038,784.0,3.02,17742,Operador B,0.944
B062,Z039,683.2,2.75,17397,Operador B,0.869
B062,Z040,754.8,3.13,16215,Operador B,0.962
B062,Z041,418.4,2.07,10817,Operador B,0.915
B062,Z042,395.9,2.18,13438,Operador C,0.977
B062,Z043,410.8,2.04,11263,Operador C,0.88
B062,Z044,407.6,2.15,12843,Operador B,0.897
B062,Z045,384.2,2.1,13176,Operador B,0.988
B062,Z046,409.9,2.07,11660,Operador C,0.982
B062,Z047,396.1,2.01,11315,Operador A,0.968
B062,Z048,418.2,2.22,11815,Operador A,0.971
B062,Z049,373.9,1.91,12042,Operador A,0.958
B062,Z050,433.2,2.25,11933,Operador C,0.953
B062,Z051,207.7,1.56,7600,Operador A,0.976
B062,Z052,191.8,1.53,6995,Operador C,0.948
B062,Z053,199.9,1.45,8476,Operador A,0.961
B062,Z054,201.9,1.56,7926,Operador B,0.876
B062,Z055,200.6,1.48,8452,Operador A,0.98
B062,Z056,201.9,1.53,8134,Operador A,0.955
B062,Z057,181.1,1.47,6761,Operador A,0.988
B062,Z058,203.5,1.65,7486,Operador A,0.965
B062,Z059,198.7,1.46,7841,Operador B,0.955
B062,Z060,193.4,1.52,7058,Operador B,0.977
B063,Z001,306.0,1.75,9252,Operador C,0.929
B063,Z002,324.7,1.88,9474,Operador B,0.897
B063,Z003,319.6,1.88,9761,Operador C,0.862
B063,Z004,282.2,1.81,8952,Operador A,0.882
B063,Z005,293.0,1.69,9438,Operador A,0.94
B063,Z006,325.5,1.8,10837,Operador B,0.934
B063,Z007,314.5,1.76,9986,Operador A,0.975
B063,Z008,310.1,1.91,8971,Operador B,0.982
B063,Z009,306.1,1.9,8651,Operador B,0.978
B063,Z010,315.2,1.86,10515,Operador A,0.965
B063,Z011,8.3,1.0,4128,Operador B,0.97
B063,Z012,8,0.96,4134,Operador A,0.886
B063,Z013,18.2,0.99,4335,Operador A,0.984
B063,Z014,8,1.11,4139,Operador B,0.886
B063,Z015,16.3,1.06,4247,Operador A,0.898
B063,Z016,20.5,1.12,4430,Operador A,0.928
B063,Z017,28.8,1.02,4624,Operador C,0.889
B063,Z018,12.8,1.02,4237,Operador A,0.94
B063,Z019,31.7,1.13,4675,Operador C,0.88
B063,Z020,15.9,1.01,4291,Operador A,0.915
B063,Z021,454.5,2.21,11685,Operador C,0.899
B063,Z022,429.3,2.06,11703,Operador C,0.936
B063,Z023,446.5,2.15,13969,Operador A,0.891
B063,Z024,405.4,2.16,12314,Operador A,0.866
B063,Z025,410.8,2.14,12021,Operador B,0.978
B063,Z026,425.5,2.1,13313,Operador B,0.949
B063,Z027,417.8,2.08,10988,Operador B,0.945
B063,Z028,430.9,2.2,14286,Operador C,0.903
B063,Z029,453.5,2.18,13727,Operador C,0.861
B063,Z030,458.6,2.22,13400,Operador C,0.951
B063,Z031,722.2,2.95,21058,Operador C,0.958
B063,Z032,746.0,3.02,20132,Operador C,0.983
B063,Z033,732.5,2.91,17246,Operador A,0.965
B063,Z034,720.5,2.86,18131,Operador A,0.988
B063,Z035,785.6,3.14,18867,Operador A,0.869
B063,Z036,741.8,2.94,15962,Operador A,0.867
B063,Z037,669.5,2.84,18573,Operador B,0.964
B063,Z038,698.4,2.94,15307,Operador C,0.913
B063,Z039,678.2,2.91,19782,Operador B,0.936
B063,Z040,720.2,2.97,18364,Operador B,0.967
B063,Z041,390.8,2.16,10069,Operador A,0.941
B063,Z042,389.5,2.1,10158,Operador C,0.924
B063,Z043,360.3,2.01,9547,Operador A,0.88
B063,Z044,406.7,2.09,13456,Operador A,0.949
B063,Z045,421.6,2.21,12996,Operador C,0.983
B063,Z046,365.0,1.9,9476,Operador C,0.95
B063,Z047,408.7,2.1,12455,Operador C,0.913
B063,Z048,376.8,2.06,11920,Operador A,0.941
B063,Z049,406.0,2.15,13348,Operador B,0.903
B063,Z050,423.9,2.14,13833,Operador B,0.965
B063,Z051,188.1,1.58,7425,Operador A,0.882
B063,Z052,186.1,1.46,7270,Operador A,0.926
B063,Z053,203.3,1.59,8253,Operador A,0.92
B063,Z054,198.8,1.52,8713,Operador C,0.969
B063,Z055,196.3,1.5,8000,Operador A,0.882
B063,Z056,182.3,1.58,7437,Operador A,0.896
B063,Z057,195.2,1.56,8541,Operador A,0.862
B063,Z058,183.8,1.48,8396,Operador B,0.86
B063,Z059,193.9,1.57,7447,Operador C,0.899
B063,Z060,192.1,1.41,8440,Operador A,0.951
B064,Z001,348.8,1.92,12261,Operador C,0.968
B064,Z002,392.9,2.14,12461,Operador A,0.867
B064,Z003,342.1,2.01,10402,Operador B,0.907
B064,Z004,349.0,2.02,10235,Operador A,0.909
B064,Z005,371.5,2.07,11429,Operador C,0.976
B064,Z006,388.4,2.0,11978,Operador C,0.93
B064,Z007,406.3,2.05,11784,Operador B,0.897
B064,Z008,369.0,1.96,12149,Operador B,0.963
B064,Z009,359.4,2.03,11916,Operador C,0.95
B064,Z010,356.2,2.0,11800,Operador B,0.986
B064,Z011,407.8,2.12,11120,Operador B,0.975
B064,Z012,404.5,2.01,10154,Operador A,0.921
B064,Z013,420.0,2.23,11394,Operador C,0.963
B064,Z014,423.2,2.08,13386,Operador A,0.907
B064,Z015,419.4,2.04,13699,Operador B,0.929
B064,Z016,399.8,2.1,11450,Operador A,0.968
B064,Z017,437.7,2.26,13768,Operador C,0.941
B064,Z018,377.3,2.06,11838,Operador C,0.95
B064,Z019,397.3,2.0,10343,Operador A,0.945
B064,Z020,381.8,1.98,9957,Operador A,0.976
B064,Z021,45.5,1.08,4687,Operador A,0.944
B064,Z022,41.3,1.17,4676,Operador A,0.92
B064,Z023,39.0,1.14,4586,Operador B,0.933
B064,Z024,25.8,1.11,4561,Operador A,0.962
B064,Z025,35.5,1.14,4677,Operador A,0.988
B064,Z026,44.3,1.1,4791,Operador C,0.868
B064,Z027,36.9,1.15,4683,Operador A,0.871
B064,Z028,41.3,1.14,4885,Operador B,0.934
B064,Z029,36.9,1.03,4761,Operador C,0.978
B064,Z030,45.9,1.02,4946,Operador B,0.984
B064,Z031,1078.5,3.87,25562,Operador C,0.875
B064,Z032,1104.8,4.09,24454,Operador B,0.898
B064,Z033,1189.9,4.12,21923,Operador B,0.927
B064,Z034,1194.5,4.15,24943,Operador B,0.956
B064,Z035,1140.5,4.18,26238,Operador C,0.91
B064,Z036,1197.3,4.24,26480,Operador B,0.921
B064,Z037,1142.5,4.04,29033,Operador C,0.951
B064,Z038,1075.0,3.98,27606,Operador C,0.953
B064,Z039,1051.3,3.85,22296,Operador C,0.905
B064,Z040,1187.7,4.18,27439,Operador A,0.929
B064,Z041,671.2,2.75,18981,Operador A,0.904
B064,Z042,674.3,2.81,17988,Operador A,0.909
B064,Z043,684.5,2.91,17807,Operador C,0.902
B064,Z044,746.4,3.01,18307,Operador C,0.863
B064,Z045,685.0,2.74,17512,Operador C,0.91
B064,Z046,713.8,2.89,20111,Operador B,0.891
B064,Z047,689.8,2.77,17250,Operador A,0.975
B064,Z048,709.6,2.92,17979,Operador B,0.91
B064,Z049,684.3,2.74,14642,Operador A,0.944
B064,Z050,734.9,2.88,17346,Operador B,0.919
B064,Z051,211.0,1.61,8956,Operador A,0.901
B064,Z052,202.9,1.58,8482,Operador B,0.891
B064,Z053,196.2,1.51,7687,Operador B,0.946
B064,Z054,203.6,1.56,8733,Operador A,0.954
B064,Z055,207.2,1.55,7377,Operador C,0.892
B064,Z056,206.1,1.48,8382,Operador A,0.982
B064,Z057,201.4,1.53,8429,Operador A,0.905
B064,Z058,194.7,1.63,7886,Operador C,0.902
B064,Z059,222.9,1.51,7555,Operador A,0.903
B064,Z060,204.7,1.57,7390,Operador C,0.863
B065,Z001,355.4,1.86,11772,Operador C,0.885
B065,Z002,362.8,2.07,11572,Operador C,0.873
B065,Z003,390.5,2.12,13369,Operador C,0.98
B065,Z004,372.9,2.04,12838,Operador A,0.964
B065,Z005,343.1,1.92,9319,Operador A,0.979
B065,Z006,384.8,1.94,12350,Operador B,0.96
B065,Z007,389.2,2.13,10994,Operador A,0.974
B065,Z008,350.7,1.95,10574,Operador A,0.905
B065,Z009,358.3,1.94,12205,Operador A,0.913
B065,Z010,366.7,2.06,12793,Operador B,0.869
B065,Z011,420.7,2.11,10551,Operador B,0.897
B065,Z012,393.6,2.12,11342,Operador C,0.873
B065,Z013,427.2,2.19,13785,Operador B,0.871
B065,Z014,374.5,2.0,12310,Operador B,0.877
B065,Z015,413.9,2.18,11500,Operador B,0.957
B065,Z016,407.9,2.09,13578,Operador B,0.888
B065,Z017,449.2,2.23,10996,Operador C,0.921
B065,Z018,431.1,2.25,10677,Operador B,0.886
B065,Z019,430.9,2.08,12294,Operador C,0.913
B065,Z020,443.4,2.14,12705,Operador C,0.947
B065,Z021,44.4,1.16,4899,Operador B,0.956
B065,Z022,39.8,1.04,4751,Operador C,0.864
B065,Z023,39.6,1.06,4847,Operador A,0.928
B065,Z024,24.5,1.14,4575,Operador B,0.945
B065,Z025,33.2,1.1,4553,Operador B,0.909
B065,Z026,42.2,1.13,4704,Operador B,0.873
B065,Z027,39.6,1.14,4765,Operador B,0.957
B065,Z028,42.7,1.17,4955,Operador B,0.96
B065,Z029,31.2,1.06,4499,Operador A,0.899
B065,Z030,43.5,1.18,4983,Operador B,0.971
B065,Z031,1052.6,3.74,29000,Operador C,0.935
B065,Z032,1115.9,4.03,27429,Operador B,0.861
B065,Z033,1188.3,4.24,24533,Operador A,0.939
B065,Z034,1085.7,3.93,24487,Operador A,0.97
B065,Z035,1094.5,3.88,26096,Operador A,0.966
B065,Z036,1160.6,4.16,21599,Operador C,0.971
B065,Z037,1118.8,4.0,28813,Operador C,0.909
B065,Z038,1069.8,3.98,24160,Operador A,0.92
B065,Z039,1097.9,3.88,28582,Operador B,0.963
B065,Z040,1137.7,4.0,26376,Operador A,0.881
B065,Z041,760.7,3.16,19201,Operador A,0.923
B065,Z042,765.5,3.17,19095,Operador A,0.942
B065,Z043,699.8,2.96,20691,Operador C,0.936
B065,Z044,674.6,2.85,19436,Operador A,0.903
B065,Z045,738.1,2.89,17765,Operador B,0.889
B065,Z046,714.5,2.94,15651,Operador B,0.93
B065,Z047,674.2,2.83,19870,Operador A,0.982
B065,Z048,726.6,2.87,16332,Operador A,0.899
B065,Z049,754.2,2.94,15436,Operador B,0.963
B065,Z050,751.4,3.09,20021,Operador B,0.87
B065,Z051,222.3,1.63,8634,Operador C,0.96
B065,Z052,223.1,1.61,7714,Operador B,0.955
B065,Z053,205.2,1.55,7789,Operador C,0.863
B065,Z054,204.4,1.49,8172,Operador B,0.947
B065,Z055,191.2,1.61,8478,Operador B,0.879
B065,Z056,208.2,1.58,7696,Operador B,0.881
B065,Z057,220.6,1.62,7569,Operador B,0.925
B065,Z058,210.0,1.56,7861,Operador B,0.878
B065,Z059,206.6,1.54,7461,Operador A,0.984
B065,Z060,214.1,1.55,9028,Operador C,0.871
B066,Z001,392.8,2.08,11648,Operador C,0.938
B066,Z002,400.2,2.09,11836,Operador A,0.941
B066,Z003,354.2,1.96,10087,Operador C,0.934
B066,Z004,335.2,1.99,9945,Operador B,0.861
B066,Z005,348.7,1.94,10240,Operador B,0.942
B066,Z006,397.6,2.16,11018,Operador A,0.911
B066,Z007,351.0,1.88,10588,Operador B,0.945
B066,Z008,375.5,1.91,10297,Operador A,0.907
B066,Z009,335.3,1.87,9723,Operador B,0.896
B066,Z010,396.0,2.09,10420,Operador B,0.962
B066,Z011,388.0,1.97,10163,Operador B,0.957
B066,Z012,416.4,2.16,13223,Operador C,0.958
B066,Z013,399.0,2.14,10627,Operador C,0.926
B066,Z014,385.4,1.95,10757,Operador C,0.938
B066,Z015,407.7,2.18,12640,Operador C,0.95
B066,Z016,429.9,2.2,10681,Operador A,0.956
B066,Z017,440.8,2.1,13050,Operador A,0.908
B066,Z018,388.5,2.07,10853,Operador C,0.917
B066,Z019,429.3,2.2,11088,Operador A,0.88
B066,Z020,385.2,2.14,10950,Operador A,0.924
B066,Z021,47.9,1.16,4886,Operador C,0.894
B066,Z022,46.5,1.13,4802,Operador C,0.93
B066,Z023,41.5,1.03,4832,Operador B,0.944
B066,Z024,29.3,1.05,4640,Operador B,0.892
B066,Z025,40.4,1.03,4672,Operador B,0.977
B066,Z026,48.5,1.24,4838,Operador A,0.868
B066,Z027,45.2,1.17,5049,Operador A,0.889
B066,Z028,43.4,1.13,5014,Operador B,0.897
B066,Z029,39.6,1.21,4879,Operador B,0.875
B066,Z030,50.2,1.17,5089,Operador C,0.917
B066,Z031,1083.6,3.89,25209,Operador B,0.863
B066,Z032,1020.4,3.66,22460,Operador A,0.868
B066,Z033,1188.5,4.15,24539,Operador C,0.936
B066,Z034,1101.4,3.98,27206,Operador C,0.971
B066,Z035,1047.5,3.85,24830,Operador C,0.875
B066,Z036,1074.2,3.83,28214,Operador A,0.897
B066,Z037,1070.3,3.94,27705,Operador A,0.904
B066,Z038,1094.7,3.91,23386,Operador C,0.905
B066,Z039,1115.3,4.07,28237,Operador A,0.911
B066,Z040,1163.4,4.05,27562,Operador C,0.884
B066,Z041,655.3,2.74,14874,Operador A,0.91
B066,Z042,710.5,2.88,17582,Operador B,0.914
B066,Z043,664.2,2.77,17744,Operador A,0.874
B066,Z044,738.4,3.06,20015,Operador B,0.866
B066,Z045,751.4,3.0,19563,Operador C,0.94
B066,Z046,710.9,3.0,19364,Operador A,0.956
B066,Z047,718.3,2.98,17859,Operador A,0.976
B066,Z048,724.6,2.9,15353,Operador C,0.958
B066,Z049,716.8,2.96,16100,Operador A,0.9
B066,Z050,689.5,2.81,17769,Operador A,0.87
B066,Z051,201.8,1.64,7725,Operador C,0.922
B066,Z052,194.6,1.54,8089,Operador C,0.959
B066,Z053,205.5,1.58,8262,Operador A,0.88
B066,Z054,217.1,1.56,7579,Operador C,0.934
B066,Z055,181.4,1.39,7491,Operador C,0.89
B066,Z056,194.2,1.53,7927,Operador C,0.918
B066,Z057,200.3,1.49,7461,Operador B,0.874
B066,Z058,186.6,1.61,6916,Operador B,0.873
B066,Z059,200.6,1.48,8147,Operador B,0.943
B066,Z060,208.2,1.56,8164,Operador A,0.901
B067,Z001,396.4,2.11,10845,Operador B,0.903
B067,Z002,368.3,1.93,11903,Operador B,0.862
B067,Z003,375.2,2.04,10189,Operador C,0.861
B067,Z004,414.6,2.15,10931,Operador A,0.938
B067,Z005,416.2,2.2,13515,Operador B,0.889
B067,Z006,397.2,2.04,10524,Operador A,0.929
B067,Z007,415.7,2.17,11100,Operador A,0.896
B067,Z008,394.0,2.09,11246,Operador A,0.911
B067,Z009,365.8,1.98,11031,Operador C,0.934
B067,Z010,396.4,2.09,11692,Operador C,0.913
B067,Z011,425.5,2.18,14197,Operador B,0.984
B067,Z012,385.2,2.06,12444,Operador C,0.99
B067,Z013,439.7,2.09,13337,Operador A,0.955
B067,Z014,417.6,2.14,13289,Operador C,0.944
B067,Z015,415.8,2.22,12214,Operador B,0.958
B067,Z016,429.3,2.06,11469,Operador C,0.923
B067,Z017,449.5,2.21,11164,Operador A,0.975
B067,Z018,406.2,2.13,13579,Operador C,0.908
B067,Z019,428.6,2.25,12714,Operador C,0.863
B067,Z020,423.8,2.19,13261,Operador B,0.869
B067,Z021,26.6,1.02,4423,Operador A,0.89
B067,Z022,17.6,1.13,4419,Operador C,0.863
B067,Z023,24.2,1.08,4454,Operador C,0.945
B067,Z024,13.7,1.07,4326,Operador C,0.903
B067,Z025,19.3,1.0,4363,Operador C,0.886
B067,Z026,21.4,1.07,4389,Operador C,0.889
B067,Z027,20.9,1.15,4426,Operador C,0.987
B067,Z028,28.0,1.09,4509,Operador C,0.896
B067,Z029,22.9,1.07,4455,Operador B,0.982
B067,Z030,24.0,1.09,4488,Operador B,0.925
B067,Z031,1179.7,4.29,24883,Operador B,0.875
B067,Z032,1148.6,4.18,26416,Operador A,0.926
B067,Z033,1041.5,3.81,22890,Operador A,0.89
B067,Z034,1061.7,3.82,28775,Operador B,0.987
B067,Z035,1152.1,4.13,26999,Operador C,0.87
B067,Z036,1197.1,4.33,31887,Operador C,0.937
B067,Z037,1113.5,4.02,24934,Operador B,0.882
B067,Z038,1185.0,4.19,28506,Operador A,0.877
B067,Z039,1136.0,3.98,25648,Operador B,0.967
B067,Z040,1111.4,3.9,26824,Operador A,0.988
B067,Z041,716.4,2.87,17709,Operador C,0.954
B067,Z042,701.0,2.87,16174,Operador C,0.972
B067,Z043,741.4,2.96,18231,Operador A,0.93
B067,Z044,748.5,2.98,17269,Operador C,0.942
B067,Z045,684.7,2.87,17651,Operador B,0.912
B067,Z046,711.5,2.85,14722,Operador A,0.985
B067,Z047,687.8,2.82,14473,Operador B,0.906
B067,Z048,672.1,2.76,14982,Operador A,0.98
B067,Z049,721.0,2.84,18077,Operador B,0.951
B067,Z050,687.6,2.86,16182,Operador B,0.902
B067,Z051,225.4,1.55,9083,Operador A,0.971
B067,Z052,205.3,1.57,7525,Operador B,0.977
B067,Z053,206.7,1.65,7462,Operador B,0.921
B067,Z054,221.5,1.53,8145,Operador B,0.921
B067,Z055,204.8,1.53,7769,Operador B,0.884
B067,Z056,227.4,1.53,8772,Operador C,0.921
B067,Z057,218.4,1.61,8441,Operador A,0.944
B067,Z058,231.1,1.65,7831,Operador C,0.978
B067,Z059,203.5,1.62,8679,Operador C,0.863
B067,Z060,210.8,1.51,8973,Operador A,0.875
B068,Z001,374.5,1.97,10954,Operador A,0.882
B068,Z002,393.5,2.03,12383,Operador C,0.924
B068,Z003,388.4,2.07,10716,Operador B,0.919
B068,Z004,420.4,2.14,11685,Operador B,0.92
B068,Z005,379.5,2.06,11987,Operador C,0.926
B068,Z006,419.1,2.18,12306,Operador C,0.911
B068,Z007,386.7,1.95,11013,Operador B,0.885
B068,Z008,401.6,2.14,11132,Operador C,0.904
B068,Z009,369.6,2.03,11887,Operador B,0.924
B068,Z010,418.9,2.14,11387,Operador A,0.947
B068,Z011,390.2,1.99,11372,Operador A,0.978
B068,Z012,401.5,2.11,10645,Operador C,0.908
B068,Z013,441.7,2.12,11814,Operador B,0.93
B068,Z014,403.0,2.05,12932,Operador B,0.946
B068,Z015,426.4,2.15,11267,Operador C,0.861
B068,Z016,420.0,2.04,13239,Operador A,0.907
B068,Z017,430.0,2.13,13290,Operador C,0.987
B068,Z018,423.9,2.24,12404,Operador C,0.91
B068,Z019,420.4,2.07,12162,Operador C,0.974
B068,Z020,384.4,2.1,10126,Operador B,0.934
B068,Z021,29.1,0.99,4586,Operador B,0.949
B068,Z022,15.3,0.99,4327,Operador A,0.866
B068,Z023,24.8,1.02,4496,Operador A,0.869
B068,Z024,18.3,1.0,4418,Operador B,0.906
B068,Z025,19.9,1.16,4462,Operador C,0.933
B068,Z026,24.0,1.14,4447,Operador B,0.929
B068,Z027,21.2,1.0,4415,Operador C,0.972
B068,Z028,29.1,1.12,4477,Operador C,0.882
B068,Z029,25.8,1.07,4470,Operador C,0.877
B068,Z030,25.3,1.04,4422,Operador B,0.905
B068,Z031,1190.3,4.32,22195,Operador B,0.871
B068,Z032,1166.9,4.11,22330,Operador B,0.864
B068,Z033,1124.5,4.13,28577,Operador B,0.893
B068,Z034,1079.2,3.81,21743,Operador A,0.883
B068,Z035,1109.6,4.04,22763,Operador C,0.95
B068,Z036,1115.9,,27457,Operador C,0.966
B068,Z037,1142.3,4.15,24715,Operador A,0.871
B068,Z038,1059.0,3.83,26367,Operador B,0.941
B068,Z039,1100.4,3.93,25897,Operador B,0.889
B068,Z040,1056.6,3.88,22422,Operador B,0.89
B068,Z041,710.3,3.0,20745,Operador C,0.981
B068,Z042,694.7,2.99,16534,Operador A,0.871
B068,Z043,774.8,3.01,21264,Operador C,0.944
B068,Z044,747.4,3.12,21111,Operador A,0.97
B068,Z045,714.2,3.04,16179,Operador B,0.934
B068,Z046,747.1,2.95,19488,Operador B,0.886
B068,Z047,704.6,2.95,14939,Operador C,0.99
B068,Z048,704.1,2.97,17604,Operador A,0.987
B068,Z049,695.3,2.98,16523,Operador B,0.944
B068,Z050,752.0,3.1,19713,Operador A,0.919
B068,Z051,213.0,1.57,8185,Operador C,0.959
B068,Z052,223.6,1.57,9079,Operador B,0.974
B068,Z053,204.9,1.62,8293,Operador A,0.934
B068,Z054,235.6,1.57,8552,Operador B,0.879
B068,Z055,201.5,1.46,7683,Operador C,0.957
B068,Z056,203.2,1.58,7096,Operador C,0.893
B068,Z057,208.0,1.56,7789,Operador B,0.944
B068,Z058,207.6,1.52,7263,Operador B,0.963
B068,Z059,211.6,1.47,7230,Operador A,0.973
B068,Z060,218.8,1.57,8150,Operador C,0.964
B069,Z001,426.2,2.26,13126,Operador A,0.911
B069,Z002,385.6,2.11,10292,Operador B,0.9
B069,Z003,393.4,2.1,10846,Operador A,0.974
B069,Z004,420.6,2.22,13311,Operador B,0.875
B069,Z005,386.8,1.98,11497,Operador A,0.96
B069,Z006,380.8,2.02,12470,Operador C,0.987
B069,Z007,420.5,2.13,13633,Operador C,0.975
B069,Z008,389.8,1.95,13169,Operador A,0.889
B069,Z009,391.7,2.01,12362,Operador C,0.879
B069,Z010,416.9,2.19,10797,Operador B,0.949
B069,Z011,397.7,2.09,13363,Operador B,0.922
B069,Z012,400.4,2.14,13219,Operador A,0.987
B069,Z013,389.0,2.08,13087,Operador B,0.926
B069,Z014,383.8,1.96,13124,Operador A,0.969
B069,Z015,432.6,2.1,14283,Operador B,0.901
B069,Z016,406.7,2.0,10608,Operador A,0.865
B069,Z017,459.5,2.15,13200,Operador C,0.958
B069,Z018,392.7,2.01,13382,Operador A,0.906
B069,Z019,404.7,2.04,11376,Operador C,0.935
B069,Z020,433.7,2.14,11677,Operador B,0.982
B069,Z021,26.6,1.16,4507,Operador C,0.911
B069,Z022,13.5,1.02,4212,Operador B,0.906
B069,Z023,21.3,1.11,4401,Operador A,0.96
B069,Z024,13.3,1.07,4259,Operador B,0.912
B069,Z025,18.5,1.04,4437,Operador C,0.954
B069,Z026,21.1,1.05,4403,Operador B,0.934
B069,Z027,20.1,1.16,4432,Operador A,0.933
B069,Z028,25.1,1.0,4410,Operador A,0.919
B069,Z029,19.7,1.12,4324,Operador C,0.866
B069,Z030,21.1,1.02,4501,Operador A,0.939
B069,Z031,1105.2,4.04,26279,Operador A,0.871
B069,Z032,1096.2,3.98,24588,Operador A,0.975
B069,Z033,1115.6,3.96,23475,Operador C,0.913
B069,Z034,1182.9,4.12,25769,Operador B,0.969
B069,Z035,1218.9,4.32,26467,Operador A,0.878
B069,Z036,1104.7,3.88,21521,Operador C,0.936
B069,Z037,1075.2,3.97,22257,Operador B,0.933
B069,Z038,1204.9,4.16,27367,Operador B,0.876
B069,Z039,1154.3,4.19,26977,Operador C,0.927
B069,Z040,1056.8,3.76,22753,Operador B,0.957
B069,Z041,761.9,3.01,19838,Operador C,0.968
B069,Z042,752.7,3.14,22043,Operador B,0.965
B069,Z043,729.6,3.08,15017,Operador C,0.909
B069,Z044,716.1,2.88,18221,Operador A,0.872
B069,Z045,753.7,2.98,21033,Operador A,0.966
B069,Z046,692.2,2.93,19189,Operador A,0.977
B069,Z047,723.4,2.87,14979,Operador C,0.964
B069,Z048,765.6,3.14,19871,Operador A,0.911
B069,Z049,775.7,3.05,18802,Operador B,0.923
B069,Z050,734.8,3.01,17457,Operador C,0.911
B069,Z051,238.2,1.56,9050,Operador B,0.924
B069,Z052,235.0,1.68,7686,Operador B,0.976
B069,Z053,219.8,1.58,7867,Operador B,0.898
B069,Z054,204.7,1.55,8263,Operador C,0.889
B069,Z055,205.7,1.52,7705,Operador C,0.884
B069,Z056,212.9,1.66,7418,Operador B,0.935
B069,Z057,224.3,1.71,9008,Operador C,0.984
B069,Z058,213.2,1.65,7440,Operador A,0.975
B069,Z059,210.2,1.66,7425,Operador B,0.879
B069,Z060,215.7,1.65,7880,Operador A,0.939
B070,Z001,402.7,2.07,10598,Operador B,0.981
B070,Z002,419.0,2.24,12776,Operador C,0.905
B070,Z003,390.4,2.15,10671,Operador B,0.873
B070,Z004,399.3,2.13,12370,Operador C,0.927
B070,Z005,386.6,2.07,10522,Operador A,0.914
B070,Z006,417.2,2.11,12863,Operador C,0.922
B070,Z007,460.0,2.27,13642,Operador C,0.862
B070,Z008,427.1,2.2,13094,Operador C,0.861
B070,Z009,400.3,2.11,11941,Operador B,0.894
B070,Z010,458.7,2.29,13848,Operador B,0.91
B070,Z011,429.5,2.1,12349,Operador B,0.975
B070,Z012,446.9,2.24,14351,Operador B,0.871
B070,Z013,454.6,2.23,11385,Operador C,0.965
B070,Z014,442.3,2.2,13362,Operador A,0.959
B070,Z015,476.4,2.22,11197,Operador A,0.918
B070,Z016,482.8,2.4,14450,Operador A,0.872
B070,Z017,463.3,2.3,11082,Operador B,0.875
B070,Z018,468.0,2.29,12571,Operador A,0.906
B070,Z019,440.2,2.29,13533,Operador B,0.949
B070,Z020,427.3,2.06,10767,Operador A,0.862
B070,Z021,23.1,1.14,4395,Operador B,0.96
B070,Z022,36.5,1.18,4620,Operador C,0.947
B070,Z023,25.7,0.96,4606,Operador A,0.87
B070,Z024,32.3,1.19,4682,Operador B,0.945
B070,Z025,25.3,1.1,4586,Operador A,0.933
B070,Z026,25.9,1.09,4540,Operador B,0.985
B070,Z027,26.9,1.18,4635,Operador A,0.942
B070,Z028,17.4,1.04,4306,Operador C,0.865
B070,Z029,24.2,1.17,4564,Operador B,0.911
B070,Z030,26.7,0.97,4538,Operador B,0.928
B070,Z031,1143.6,4.16,30657,Operador A,0.917
B070,Z032,1111.7,4.07,29907,Operador A,0.984
B070,Z033,1130.4,4.01,21057,Operador B,0.91
B070,Z034,1107.5,3.96,23534,Operador B,0.935
B070,Z035,1091.2,3.86,30075,Operador C,0.88
B070,Z036,1222.0,4.25,23300,Operador B,0.927
B070,Z037,1152.6,4.16,28247,Operador C,0.945
B070,Z038,1084.3,3.96,24641,Operador A,0.958
B070,Z039,1093.7,4.03,28995,Operador C,0.989
B070,Z040,1190.4,4.28,27800,Operador C,0.884
B070,Z041,801.5,3.06,19556,Operador B,0.957
B070,Z042,804.2,3.07,18658,Operador A,0.966
B070,Z043,726.9,3.06,17702,Operador B,0.924
B070,Z044,716.0,2.89,20473,Operador C,0.864
B070,Z045,776.7,3.09,15780,Operador B,0.928
B070,Z046,805.5,3.16,18480,Operador B,0.897
B070,Z047,738.3,2.95,19724,Operador A,0.871
B070,Z048,800.2,3.18,20920,Operador C,0.965
B070,Z049,697.7,2.87,16234,Operador C,0.912
B070,Z050,730.3,3.08,17531,Operador B,0.885
B070,Z051,249.2,1.68,9735,Operador A,0.93
B070,Z052,260.7,1.75,8800,Operador C,0.914
B070,Z053,271.8,1.69,9371,Operador A,0.87
B070,Z054,243.7,1.75,9050,Operador B,0.922
B070,Z055,249.2,1.68,8691,Operador A,0.86
B070,Z056,249.1,1.74,8273,Operador A,0.905
B070,Z057,243.7,1.69,8584,Operador B,0.943
B070,Z058,265.9,1.69,8725,Operador B,0.935
B070,Z059,276.2,1.7,8671,Operador A,0.921
B070,Z060,269.7,1.68,8236,Operador B,0.946
B071,Z001,387.7,1.98,11896,Operador B,0.867
B071,Z002,405.4,2.16,12166,Operador A,0.861
B071,Z003,410.7,2.04,12745,Operador C,0.913
B071,Z004,379.9,1.98,11582,Operador B,0.907
B071,Z005,384.9,2.05,9889,Operador B,0.944
B071,Z006,414.0,2.21,11629,Operador C,0.932
B071,Z007,436.1,2.14,14208,Operador A,0.974
B071,Z008,431.3,2.13,13903,Operador C,0.922
B071,Z009,388.6,2.01,12873,Operador C,0.984
B071,Z010,448.9,2.18,12645,Operador C,0.911
B071,Z011,455.5,2.19,13573,Operador C,0.925
B071,Z012,433.6,2.1,13443,Operador C,0.937
B071,Z013,443.8,2.26,12899,Operador C,0.95
B071,Z014,445.7,2.28,11634,Operador A,0.864
B071,Z015,461.9,2.28,11307,Operador C,0.969
B071,Z016,492.3,2.43,11815,Operador B,0.922
B071,Z017,460.4,2.26,14504,Operador B,0.946
B071,Z018,484.2,2.26,12524,Operador A,0.899
B071,Z019,496.8,2.3,15562,Operador C,0.861
B071,Z020,488.8,2.22,12415,Operador A,0.898
B071,Z021,25.0,1.04,4572,Operador C,0.974
B071,Z022,39.9,1.07,4632,Operador A,0.984
B071,Z023,25.3,1.08,4541,Operador B,0.901
B071,Z024,28.6,1.08,4479,Operador B,0.95
B071,Z025,26.1,1.05,4446,Operador B,0.86
B071,Z026,24.0,0.97,4474,Operador C,0.964
B071,Z027,25.6,1.13,4577,Operador B,0.923
B071,Z028,18.4,0.97,4424,Operador C,0.918
B071,Z029,22.0,1.1,4425,Operador B,0.87
B071,Z030,24.4,1.06,4580,Operador C,0.98
B071,Z031,1189.6,4.21,31033,Operador B,0.887
B071,Z032,1106.0,4.03,26008,Operador B,0.929
B071,Z033,1120.9,4.06,23181,Operador C,0.888
B071,Z034,1191.0,4.21,24577,Operador C,0.924
B071,Z035,1108.5,3.99,21506,Operador A,0.935
B071,Z036,1125.5,3.98,24615,Operador A,0.89
B071,Z037,1185.4,4.13,22636,Operador B,0.939
B071,Z038,1244.7,4.44,23156,Operador C,0.875
B071,Z039,1179.1,4.28,31816,Operador C,0.929
B071,Z040,1129.2,4.14,24315,Operador B,0.982
B071,Z041,720.8,2.88,17364,Operador A,0.899
B071,Z042,779.8,3.17,22440,Operador C,0.912
B071,Z043,748.8,2.95,19018,Operador A,0.883
B071,Z044,745.5,2.98,19151,Operador B,0.892
B071,Z045,730.2,2.89,18477,Operador C,0.984
B071,Z046,733.8,3.01,15915,Operador A,0.88
B071,Z047,801.2,3.17,22793,Operador B,0.949
B071,Z048,780.5,3.19,16656,Operador C,0.899
B071,Z049,722.4,2.95,20792,Operador B,0.928
B071,Z050,805.7,3.28,18662,Operador C,0.982
B071,Z051,264.6,1.68,9013,Operador C,0.911
B071,Z052,272.0,1.74,10385,Operador B,0.952
B071,Z053,262.8,1.79,10033,Operador A,0.957
B071,Z054,272.9,1.73,9721,Operador C,0.906
B071,Z055,237.9,1.73,7585,Operador C,0.928
B071,Z056,275.3,1.76,9864,Operador C,0.943
B071,Z057,273.2,1.79,8789,Operador C,0.967
B071,Z058,260.2,1.64,10105,Operador B,0.968
B071,Z059,259.9,1.75,9597,Operador A,0.961
B071,Z060,258.8,1.7,9872,Operador B,0.987
B072,Z001,448.7,2.12,11506,Operador A,0.901
B072,Z002,455.8,2.22,12703,Operador A,0.871
B072,Z003,441.5,2.15,13697,Operador A,0.866
B072,Z004,405.3,2.07,12675,Operador B,0.894
B072,Z005,428.9,2.26,13880,Operador B,0.882
B072,Z006,393.2,2.13,13181,Operador C,0.881
B072,Z007,426.5,2.19,12653,Operador B,0.963
B072,Z008,387.1,2.13,10700,Operador C,0.908
B072,Z009,400.2,2.08,11479,Operador C,0.906
B072,Z010,412.5,2.09,12915,Operador A,0.907
B072,Z011,438.3,2.23,12356,Operador A,0.876
B072,Z012,468.6,2.33,14244,Operador B,0.947
B072,Z013,458.3,2.28,14229,Operador B,0.917
B072,Z014,477.5,2.18,13984,Operador A,0.871
B072,Z015,459.3,2.16,14344,Operador A,0.924
B072,Z016,441.8,2.27,12956,Operador B,0.897
B072,Z017,506.6,2.39,14040,Operador A,0.938
B072,Z018,450.9,2.12,14498,Operador B,0.889
B072,Z019,449.8,2.29,12710,Operador B,0.951
B072,Z020,461.1,2.15,11758,Operador A,0.898
B072,Z021,21.0,1.07,4438,Operador A,0.897
B072,Z022,35.1,1.17,4557,Operador C,0.896
B072,Z023,20.6,0.98,4491,Operador B,0.93
B072,Z024,34.9,1.0,4668,Operador A,0.899
B072,Z025,25.0,1.02,4578,Operador A,0.883
B072,Z026,23.9,1.06,4526,Operador A,0.869
B072,Z027,24.9,1.01,4531,Operador B,0.934
B072,Z028,16.2,1.01,4243,Operador C,0.924
B072,Z029,23.7,1.15,4445,Operador B,0.925
B072,Z030,23.4,1.1,4406,Operador C,0.979
B072,Z031,1124.7,3.94,22712,Operador B,0.949
B072,Z032,1129.6,4.03,29686,Operador A,0.955
B072,Z033,1119.0,3.94,29995,Operador C,0.939
B072,Z034,1153.5,4.09,28658,Operador B,0.899
B072,Z035,1265.3,4.32,24514,Operador C,0.956
B072,Z036,1147.1,4.14,21944,Operador C,0.874
B072,Z037,1095.8,3.9,27899,Operador A,0.863
B072,Z038,1122.5,3.98,28122,Operador B,0.983
B072,Z039,1232.6,4.27,23409,Operador B,0.911
B072,Z040,1216.2,4.33,28242,Operador B,0.913
B072,Z041,725.0,2.89,16321,Operador B,0.911
B072,Z042,739.0,2.98,18974,Operador A,0.91
B072,Z043,711.3,2.99,19362,Operador B,0.936
B072,Z044,781.5,3.05,21360,Operador C,0.91
B072,Z045,783.5,3.18,18101,Operador A,0.989
B072,Z046,708.6,3.0,20876,Operador C,0.95
B072,Z047,782.7,3.04,17996,Operador C,0.915
B072,Z048,811.6,3.18,20604,Operador B,0.981
B072,Z049,745.0,2.98,21448,Operador B,0.982
B072,Z050,784.1,3.01,22573,Operador A,0.976
B072,Z051,268.2,1.65,9162,Operador A,0.915
B072,Z052,250.1,1.71,9081,Operador C,0.971
B072,Z053,264.8,1.7,8211,Operador B,0.979
B072,Z054,280.4,1.68,9731,Operador C,0.97
B072,Z055,252.2,1.65,8270,Operador C,0.865
B072,Z056,259.3,1.73,10099,Operador C,0.96
B072,Z057,246.7,1.56,9465,Operador C,0.965
B072,Z058,266.4,1.76,9535,Operador A,0.883
B072,Z059,246.2,1.57,9873,Operador B,0.965
B072,Z060,273.4,1.81,8523,Operador C,0.91
B073,Z001,350.7,2.03,10766,Operador A,0.971
B073,Z002,316.0,1.88,11422,Operador B,0.913
B073,Z003,323.9,1.77,9497,Operador B,0.979
B073,Z004,325.0,1.91,10860,Operador C,0.943
B073,Z005,305.6,1.78,10703,Operador A,0.947
B073,Z006,309.8,1.79,10531,Operador B,0.875
B073,Z007,360.7,2.03,12639,Operador A,0.863
B073,Z008,334.9,2.0,9981,Operador B,0.87
B073,Z009,321.4,1.85,9508,Operador C,0.93
B073,Z010,361.3,2.08,12424,Operador B,0.89
B073,Z011,315.8,1.8,11221,Operador B,0.9
B073,Z012,328.2,1.87,9596,Operador A,0.896
B073,Z013,312.9,1.79,11117,Operador A,0.938
B073,Z014,317.4,1.9,10696,Operador B,0.875
B073,Z015,316.4,1.85,11143,Operador C,0.926
B073,Z016,349.3,1.85,9542,Operador A,0.937
B073,Z017,337.5,1.98,11360,Operador B,0.969
B073,Z018,300.0,1.79,10948,Operador B,0.93
B073,Z019,342.3,1.85,11672,Operador C,0.86
B073,Z020,334.3,2.0,10735,Operador A,0.966
B073,Z021,122.4,1.25,6380,Operador A,0.952
B073,Z022,101.4,1.26,6354,Operador B,0.882
B073,Z023,117.6,1.34,6621,Operador B,0.946
B073,Z024,96.6,1.37,5821,Operador B,0.861
B073,Z025,110.2,1.23,5778,Operador B,0.899
B073,Z026,104.4,1.21,6018,Operador B,0.961
B073,Z027,102.4,1.24,5788,Operador C,0.92
B073,Z028,113.6,1.22,5916,Operador C,0.935
B073,Z029,108.3,1.39,5832,Operador B,0.92
B073,Z030,105.5,1.2,5696,Operador C,0.872
B073,Z031,1003.2,3.77,26276,Operador A,0.977
B073,Z032,1016.2,3.75,20747,Operador C,0.93
B073,Z033,1005.6,3.82,22284,Operador C,0.972
B073,Z034,954.5,3.65,25835,Operador B,0.931
B073,Z035,1061.7,3.8,25079,Operador C,0.966
B073,Z036,1001.5,3.62,27106,Operador B,0.867
B073,Z037,972.3,3.65,20839,Operador C,0.978
B073,Z038,1051.5,3.84,25700,Operador C,0.932
B073,Z039,978.4,3.56,26695,Operador A,0.901
B073,Z040,1016.3,3.74,25350,Operador C,0.865
B073,Z041,618.8,2.59,15347,Operador B,0.961
B073,Z042,676.6,2.76,15347,Operador B,0.978
B073,Z043,672.8,2.86,14918,Operador C,0.904
B073,Z044,672.5,2.75,14443,Operador B,0.941
B073,Z045,670.3,2.85,16524,Operador C,0.931
B073,Z046,633.1,2.82,16412,Operador C,0.901
B073,Z047,695.4,2.95,19408,Operador C,0.931
B073,Z048,635.5,2.68,18364,Operador B,0.86
B073,Z049,657.4,2.81,18362,Operador B,0.98
B073,Z050,601.1,2.7,15245,Operador A,0.958
B073,Z051,147.6,1.48,6650,Operador A,0.872
B073,Z052,130.6,1.38,6056,Operador A,0.9
B073,Z053,128.2,1.27,6425,Operador A,0.952
B073,Z054,137.3,1.45,6088,Operador A,0.926
B073,Z055,122.8,1.31,6340,Operador C,0.903
B073,Z056,128.1,1.34,6760,Operador B,0.942
B073,Z057,127.5,1.41,6162,Operador C,0.908
B073,Z058,133.5,1.31,6459,Operador A,0.892
B073,Z059,127.7,1.25,6534,Operador B,0.906
B073,Z060,132.0,1.44,6242,Operador C,0.938
B074,Z001,322.2,1.84,11541,Operador C,0.943
B074,Z002,303.3,1.78,11038,Operador B,0.983
B074,Z003,332.5,1.97,9653,Operador C,0.986
B074,Z004,311.5,1.74,11265,Operador A,0.91
B074,Z005,327.4,1.9,9650,Operador B,0.93
B074,Z006,346.6,1.83,9566,Operador B,0.892
B074,Z007,327.5,1.92,11151,Operador C,0.951
B074,Z008,323.8,1.84,9825,Operador C,0.923
B074,Z009,322.7,1.96,8904,Operador B,0.947
B074,Z010,327.2,1.85,9624,Operador B,0.922
B074,Z011,310.6,1.88,10070,Operador B,0.936
B074,Z012,347.5,1.93,11315,Operador A,0.965
B074,Z013,335.2,1.86,9529,Operador B,0.948
B074,Z014,350.6,1.9,11952,Operador B,0.862
B074,Z015,316.5,1.85,8960,Operador B,0.891
B074,Z016,314.4,1.9,8785,Operador C,0.934
B074,Z017,341.1,1.82,11902,Operador B,0.87
B074,Z018,306.0,1.84,10146,Operador C,0.881
B074,Z019,373.5,2.04,12210,Operador A,0.929
B074,Z020,342.6,1.98,10224,Operador C,0.971
B074,Z021,117.8,1.29,6368,Operador C,0.873
B074,Z022,102.6,1.17,6432,Operador A,0.903
B074,Z023,105.3,1.25,6448,Operador C,0.955
B074,Z024,101.8,1.19,5530,Operador B,0.943
B074,Z025,111.2,1.31,6526,Operador B,0.875
B074,Z026,117.1,1.28,6478,Operador C,0.95
B074,Z027,100.8,1.22,6288,Operador B,0.915
B074,Z028,109.1,1.3,6152,Operador C,0.962
B074,Z029,102.3,1.39,6222,Operador A,0.906
B074,Z030,115.5,1.22,6479,Operador C,0.962
B074,Z031,1066.0,3.95,21860,Operador C,0.886
B074,Z032,1050.8,3.83,20945,Operador B,0.899
B074,Z033,1078.7,4.02,22168,Operador C,0.966
B074,Z034,1009.3,3.71,20060,Operador B,0.939
B074,Z035,983.8,3.64,19998,Operador A,0.869
B074,Z036,1013.5,3.74,27235,Operador B,0.866
B074,Z037,1068.7,3.8,20713,Operador B,0.896
B074,Z038,1001.8,3.6,26743,Operador C,0.912
B074,Z039,991.2,3.77,22927,Operador A,0.914
B074,Z040,1061.2,3.97,25061,Operador A,0.964
B074,Z041,683.2,2.87,18374,Operador C,0.938
B074,Z042,633.2,2.8,18970,Operador C,0.936
B074,Z043,617.9,2.57,13326,Operador A,0.908
B074,Z044,613.2,2.74,14838,Operador C,0.986
B074,Z045,605.8,2.68,13247,Operador C,0.933
B074,Z046,600.3,2.69,13340,Operador A,0.902
B074,Z047,609.9,2.61,16330,Operador A,0.956
B074,Z048,682.4,2.84,19540,Operador C,0.949
B074,Z049,604.0,2.68,18467,Operador A,0.919
B074,Z050,662.0,2.78,16253,Operador B,0.961
B074,Z051,145.3,1.42,6908,Operador C,0.877
B074,Z052,125.0,1.36,6641,Operador C,0.95
B074,Z053,130.5,1.25,6487,Operador C,0.895
B074,Z054,128.1,1.35,5922,Operador B,0.952
B074,Z055,126.9,1.36,6151,Operador B,0.978
B074,Z056,122.5,1.35,6504,Operador B,0.971
B074,Z057,119.5,1.22,6089,Operador B,0.901
B074,Z058,119.8,1.22,6367,Operador A,0.926
B074,Z059,128.4,1.35,6151,Operador C,0.923
B074,Z060,139.7,1.46,7090,Operador A,0.867
B075,Z001,310.6,1.76,11233,Operador B,0.968
B075,Z002,352.3,1.94,9791,Operador A,0.886
B075,Z003,299.4,1.9,8730,Operador A,0.921
B075,Z004,329.8,1.86,10484,Operador C,0.92
B075,Z005,304.6,1.83,9970,Operador B,0.989
B075,Z006,323.6,1.77,10427,Operador B,0.881
B075,Z007,317.9,1.79,9125,Operador C,0.923
B075,Z008,306.6,1.91,9490,Operador C,0.952
B075,Z009,325.0,1.87,10872,Operador C,0.922
B075,Z010,313.7,1.83,10856,Operador C,0.9
B075,Z011,339.0,1.9,10012,Operador C,0.933
B075,Z012,329.2,1.96,10404,Operador C,0.893
B075,Z013,301.4,1.84,9912,Operador C,0.866
B075,Z014,321.3,1.86,9456,Operador B,0.94
B075,Z015,319.8,1.94,11333,Operador A,0.973
B075,Z016,347.3,1.95,9965,Operador B,0.917
B075,Z017,333.6,1.85,10688,Operador A,0.91
B075,Z018,316.1,1.96,8804,Operador C,0.88
B075,Z019,361.6,1.96,9559,Operador B,0.936
B075,Z020,324.1,1.86,11106,Operador A,0.886
B075,Z021,126.3,1.32,6555,Operador C,0.869
B075,Z022,111.7,1.27,5686,Operador A,0.918
B075,Z023,120.6,1.43,5840,Operador C,0.969
B075,Z024,99.2,1.2,5698,Operador A,0.958
B075,Z025,107.9,1.38,5749,Operador B,0.909
B075,Z026,119.1,1.39,5849,Operador A,0.952
B075,Z027,117.5,1.21,6077,Operador C,0.945
B075,Z028,123.1,1.23,6922,Operador C,0.97
B075,Z029,107.1,1.35,6347,Operador B,0.964
B075,Z030,117.1,1.4,6777,Operador A,0.874
B075,Z031,1035.4,3.85,21622,Operador C,0.981
B075,Z032,1008.8,3.63,25040,Operador B,0.933
B075,Z033,965.4,3.55,22387,Operador C,0.957
B075,Z034,976.1,3.7,20832,Operador C,0.878
B075,Z035,978.5,3.62,22018,Operador B,0.967
B075,Z036,1088.7,3.93,23938,Operador A,0.892
B075,Z037,960.6,3.68,26862,Operador C,0.973
B075,Z038,1113.9,4.02,28171,Operador A,0.988
B075,Z039,1053.3,3.87,21585,Operador A,0.946
B075,Z040,1080.3,4.01,28363,Operador A,0.899
B075,Z041,646.6,2.8,18732,Operador B,0.887
B075,Z042,619.4,2.6,16009,Operador A,0.921
B075,Z043,641.3,2.74,18340,Operador C,0.945
B075,Z044,652.2,2.65,15298,Operador A,0.892
B075,Z045,593.1,2.5,16387,Operador B,0.875
B075,Z046,585.7,2.68,12813,Operador A,0.886
B075,Z047,649.2,2.8,17967,Operador B,0.882
B075,Z048,615.3,2.7,16985,Operador A,0.869
B075,Z049,590.4,2.63,15663,Operador A,0.906
B075,Z050,612.0,2.66,15013,Operador C,0.929
B075,Z051,132.3,1.33,7050,Operador A,0.938
B075,Z052,130.0,1.44,6659,Operador B,0.905
B075,Z053,127.2,1.31,6196,Operador B,0.872
B075,Z054,123.7,1.33,5977,Operador A,0.909
B075,Z055,116.4,1.29,6322,Operador B,0.92
B075,Z056,118.5,1.27,6306,Operador B,0.962
B075,Z057,121.4,1.29,6829,Operador B,0.976
B075,Z058,115.5,1.34,6465,Operador C,0.934
B075,Z059,130.7,1.36,6829,Operador C,0.889
B075,Z060,133.2,1.29,7194,Operador A,0.939
B076,Z001,220.0,1.67,7571,Operador A,0.949
B076,Z002,229.0,1.65,7635,Operador C,0.959
B076,Z003,192.8,1.47,8124,Operador C,0.982
B076,Z004,198.0,1.48,8119,Operador C,0.953
B076,Z005,224.0,1.68,8568,Operador C,0.929
B076,Z006,213.7,1.51,8976,Operador B,0.877
B076,Z007,237.4,1.59,7636,Operador B,0.933
B076,Z008,207.7,1.47,7364,Operador A,0.945
B076,Z009,200.2,1.48,7438,Operador A,0.921
B076,Z010,241.4,1.66,9699,Operador B,0.971
B076,Z011,168.4,1.38,7526,Operador C,0.886
B076,Z012,154.5,1.51,6360,Operador C,0.899
B076,Z013,153.4,1.43,6592,Operador B,0.944
B076,Z014,158.8,1.33,7230,Operador B,0.863
B076,Z015,159.2,1.38,7601,Operador A,0.986
B076,Z016,186.0,1.48,8423,Operador C,0.972
B076,Z017,168.5,1.46,7018,Operador C,0.928
B076,Z018,168.3,1.42,6657,Operador B,0.895
B076,Z019,172.1,1.44,7238,Operador B,0.966
B076,Z020,171.4,1.39,7843,Operador A,0.931
B076,Z021,302.5,1.85,10794,Operador C,0.872
B076,Z022,287.9,1.84,9098,Operador B,0.985
B076,Z023,288.1,1.79,8817,Operador B,0.954
B076,Z024,286.6,1.8,9969,Operador C,0.981
B076,Z025,277.2,1.67,8476,Operador B,0.941
B076,Z026,311.4,1.81,9490,Operador A,0.872
B076,Z027,278.1,1.68,10571,Operador C,0.878
B076,Z028,274.5,1.74,10184,Operador B,0.871
B076,Z029,268.3,1.77,8716,Operador C,0.975
B076,Z030,283.4,1.8,9031,Operador A,0.911
B076,Z031,866.4,3.25,18315,Operador A,0.938
B076,Z032,913.7,3.39,21804,Operador B,0.876
B076,Z033,860.9,3.23,19718,Operador B,0.944
B076,Z034,842.0,3.35,23982,Operador C,0.986
B076,Z035,941.0,3.57,25340,Operador A,0.931
B076,Z036,845.9,3.26,22378,Operador A,0.904
B076,Z037,812.5,3.29,19573,Operador C,0.938
B076,Z038,844.1,3.21,23285,Operador A,0.912
B076,Z039,910.3,3.47,23495,Operador A,0.866
B076,Z040,945.7,3.66,19141,Operador A,0.887
B076,Z041,481.2,2.19,14535,Operador B,0.981
B076,Z042,504.9,2.3,12414,Operador A,0.905
B076,Z043,470.3,2.37,13155,Operador A,0.874
B076,Z044,433.6,2.21,12378,Operador C,0.956
B076,Z045,460.6,2.19,10948,Operador B,0.982
B076,Z046,480.9,2.33,14206,Operador C,0.874
B076,Z047,475.6,2.37,13916,Operador A,0.974
B076,Z048,452.8,2.16,11055,Operador A,0.957
B076,Z049,427.0,2.21,11588,Operador A,0.946
B076,Z050,434.8,2.11,13894,Operador A,0.91
B076,Z051,45.1,1.06,4798,Operador A,0.95
B076,Z052,50.7,1.18,4988,Operador B,0.958
B076,Z053,51.9,1.16,4928,Operador A,0.944
B076,Z054,46.6,1.03,4932,Operador B,0.936
B076,Z055,57.2,1.22,5091,Operador C,0.953
B076,Z056,56.7,1.19,5203,Operador B,0.967
B076,Z057,55.0,1.15,4887,Operador B,0.91
B076,Z058,51.5,1.12,4973,Operador C,0.908
B076,Z059,53.8,1.18,4858,Operador A,0.938
B076,Z060,45.5,1.17,5010,Operador B,0.971
B077,Z001,208.9,1.57,7899,Operador B,0.916
B077,Z002,239.2,1.54,8379,Operador B,0.919
B077,Z003,206.7,1.56,8861,Operador B,0.914
B077,Z004,200.2,1.49,7924,Operador A,0.944
B077,Z005,216.3,1.69,8759,Operador A,0.987
B077,Z006,214.7,1.58,7974,Operador B,0.945
B077,Z007,233.5,1.71,9265,Operador A,0.896
B077,Z008,234.4,1.63,8348,Operador B,0.975
B077,Z009,209.7,1.67,7764,Operador B,0.937
B077,Z010,216.8,1.65,8209,Operador B,0.922
B077,Z011,169.7,1.38,6585,Operador C,0.927
B077,Z012,147.2,1.4,7168,Operador A,0.875
B077,Z013,157.3,1.45,7106,Operador C,0.977
B077,Z014,168.7,1.5,7110,Operador A,0.962
B077,Z015,156.1,1.52,7499,Operador C,0.917
B077,Z016,188.1,1.56,7971,Operador C,0.891
B077,Z017,187.5,1.51,6862,Operador C,0.946
B077,Z018,151.2,1.45,6519,Operador B,0.871
B077,Z019,184.5,1.42,7870,Operador B,0.941
B077,Z020,163.4,1.45,6499,Operador C,0.861
B077,Z021,290.3,1.72,10418,Operador A,0.945
B077,Z022,296.6,1.71,8820,Operador C,0.966
B077,Z023,278.9,1.76,9123,Operador C,0.974
B077,Z024,297.0,1.88,10742,Operador B,0.89
B077,Z025,273.7,1.81,9525,Operador A,0.964
B077,Z026,287.2,1.72,10527,Operador B,0.984
B077,Z027,272.2,1.84,10424,Operador B,0.907
B077,Z028,313.5,1.81,9074,Operador C,0.968
B077,Z029,299.6,1.78,10837,Operador B,0.901
B077,Z030,283.0,1.69,10065,Operador A,0.938
B077,Z031,895.7,3.38,18973,Operador C,0.935
B077,Z032,797.8,3.23,22126,Operador A,0.921
B077,Z033,858.7,3.28,20717,Operador A,0.873
B077,Z034,905.7,3.43,21485,Operador C,0.872
B077,Z035,836.4,3.3,22638,Operador B,0.978
B077,Z036,812.5,3.28,19038,Operador C,0.86
B077,Z037,827.2,3.33,23066,Operador B,0.871
B077,Z038,863.6,3.32,18799,Operador A,0.877
B077,Z039,912.5,3.43,18234,Operador C,0.914
B077,Z040,853.3,3.41,17060,Operador A,0.888
B077,Z041,436.3,2.07,12536,Operador A,0.86
B077,Z042,503.4,2.34,13404,Operador B,0.912
B077,Z043,458.5,2.34,12779,Operador A,0.926
B077,Z044,494.0,2.34,11622,Operador A,0.979
B077,Z045,438.3,2.08,11961,Operador B,0.935
B077,Z046,473.4,2.34,12319,Operador C,0.981
B077,Z047,434.3,2.27,13514,Operador A,0.959
B077,Z048,458.2,2.26,13115,Operador A,0.916
B077,Z049,489.2,2.37,14115,Operador B,0.985
B077,Z050,502.6,2.34,12072,Operador C,0.89
B077,Z051,46.5,1.22,4948,Operador A,0.913
B077,Z052,53.1,1.16,4988,Operador A,0.924
B077,Z053,48.7,1.03,5020,Operador B,0.89
B077,Z054,50.0,1.22,4855,Operador A,0.925
B077,Z055,63.3,1.08,5460,Operador C,0.977
B077,Z056,53.6,1.14,5169,Operador A,0.955
B077,Z057,58.8,1.17,5042,Operador C,0.935
B077,Z058,56.4,1.17,4851,Operador B,0.946
B077,Z059,51.6,1.21,5198,Operador C,0.908
B077,Z060,49.1,1.11,5020,Operador A,0.987
B078,Z001,220.8,1.62,7381,Operador A,0.928
B078,Z002,219.2,1.68,8973,Operador C,0.983
B078,Z003,222.1,1.71,8483,Operador B,0.985
B078,Z004,205.1,1.54,7387,Operador B,0.863
B078,Z005,229.8,1.63,8153,Operador A,0.928
B078,Z006,209.5,1.58,8382,Operador B,0.874
B078,Z007,226.7,1.72,8839,Operador B,0.91
B078,Z008,214.2,1.69,7515,Operador C,0.961
B078,Z009,207.7,1.48,7560,Operador A,0.979
B078,Z010,234.5,1.62,7726,Operador A,0.94
B078,Z011,170.9,1.55,7681,Operador C,0.975
B078,Z012,156.3,1.39,6444,Operador B,0.988
B078,Z013,172.8,1.54,6751,Operador C,0.957
B078,Z014,167.5,1.46,6521,Operador A,0.941
B078,Z015,166.8,1.42,6903,Operador B,0.873
B078,Z016,182.2,1.38,7322,Operador A,0.951
B078,Z017,183.6,1.54,6929,Operador B,0.982
B078,Z018,161.3,1.45,6488,Operador B,0.897
B078,Z019,163.4,1.43,7828,Operador A,0.904
B078,Z020,182.0,1.5,7574,Operador B,0.885
B078,Z021,277.8,1.68,9653,Operador B,0.915
B078,Z022,300.6,1.89,9821,Operador A,0.939
B078,Z023,290.2,1.86,8650,Operador C,0.895
B078,Z024,297.6,1.83,8719,Operador B,0.968
B078,Z025,286.6,1.79,9798,Operador C,0.868
B078,Z026,290.4,1.77,10059,Operador C,0.953
B078,Z027,281.6,1.86,8497,Operador C,0.861
B078,Z028,302.1,1.83,8854,Operador B,0.905
B078,Z029,270.0,1.83,8952,Operador A,0.925
B078,Z030,283.6,1.67,8390,Operador B,0.875
B078,Z031,940.9,3.53,26481,Operador B,0.915
B078,Z032,853.6,3.36,23269,Operador A,0.977
B078,Z033,912.9,3.36,19835,Operador A,0.913
B078,Z034,818.1,3.32,19823,Operador C,0.927
B078,Z035,817.2,3.25,17818,Operador C,0.913
B078,Z036,869.3,3.24,23839,Operador B,0.948
B078,Z037,876.5,3.32,20209,Operador B,0.88
B078,Z038,812.4,3.14,22327,Operador B,0.952
B078,Z039,821.5,3.25,18104,Operador C,0.959
B078,Z040,844.8,3.39,18804,Operador B,0.969
B078,Z041,467.6,2.31,15051,Operador B,0.984
B078,Z042,451.4,2.14,11028,Operador C,0.921
B078,Z043,449.2,2.25,14594,Operador B,0.917
B078,Z044,444.1,2.1,12610,Operador C,0.893
B078,Z045,449.9,2.21,10912,Operador C,0.98
B078,Z046,423.2,2.11,12591,Operador B,0.881
B078,Z047,491.8,2.41,15751,Operador A,0.981
B078,Z048,434.5,2.2,11009,Operador B,0.956
B078,Z049,485.4,2.23,15356,Operador B,0.899
B078,Z050,463.2,2.25,12538,Operador A,0.969
B078,Z051,46.9,1.22,4927,Operador A,0.864
B078,Z052,50.8,1.18,4813,Operador A,0.906
B078,Z053,48.6,1.16,5110,Operador C,0.963
B078,Z054,47.2,1.21,5130,Operador C,0.897
B078,Z055,60.5,1.17,5203,Operador A,0.925
B078,Z056,53.1,1.21,5172,Operador A,0.906
B078,Z057,57.2,1.26,5040,Operador B,0.924
B078,Z058,50.0,1.08,5035,Operador A,0.935
B078,Z059,48.3,1.22,4983,Operador C,0.879
B078,Z060,46.0,1.06,4833,Operador A,0.91
B079,Z001,220.8,1.56,9204,Operador A,0.937
B079,Z002,258.0,1.68,8029,Operador C,0.936
B079,Z003,241.8,1.66,7859,Operador A,0.907
B079,Z004,239.3,1.56,9609,Operador B,0.978
B079,Z005,221.7,1.49,7435,Operador C,0.909
B079,Z006,226.3,1.54,8982,Operador C,0.935
B079,Z007,238.5,1.63,9105,Operador A,0.914
B079,Z008,224.2,1.51,7973,Operador C,0.986
B079,Z009,220.6,1.61,7356,Operador B,0.864
B079,Z010,247.6,1.63,7733,Operador B,0.888
B079,Z011,244.1,1.61,8323,Operador C,0.981
B079,Z012,224.8,1.55,8553,Operador A,0.977
B079,Z013,247.0,1.73,9066,Operador C,0.987
B079,Z014,237.4,1.7,8266,Operador B,0.965
B079,Z015,249.1,1.59,7763,Operador A,0.949
B079,Z016,242.6,1.58,8564,Operador B,0.938
B079,Z017,262.7,1.67,9439,Operador C,0.936
B079,Z018,245.4,1.6,8709,Operador C,0.899
B079,Z019,245.1,1.63,9700,Operador B,0.979
B079,Z020,264.4,1.63,9410,Operador C,0.923
B079,Z021,216.8,1.66,7644,Operador C,0.865
B079,Z022,216.3,1.58,7756,Operador A,0.963
B079,Z023,199.6,1.55,7431,Operador C,0.974
B079,Z024,191.1,1.41,7179,Operador A,0.888
B079,Z025,197.3,1.56,7117,Operador A,0.938
B079,Z026,206.2,1.53,8685,Operador C,0.971
B079,Z027,201.3,1.59,7061,Operador B,0.911
B079,Z028,202.3,1.65,7326,Operador B,0.883
B079,Z029,206.3,1.47,8617,Operador B,0.974
B079,Z030,203.1,1.56,7207,Operador A,0.919
B079,Z031,968.7,3.72,22661,Operador C,0.898
B079,Z032,1019.4,3.84,25182,Operador C,0.934
B079,Z033,1014.4,3.81,26378,Operador C,0.962
B079,Z034,991.2,3.76,24882,Operador C,0.979
B079,Z035,916.0,3.51,25902,Operador B,0.962
B079,Z036,1021.4,3.84,27910,Operador C,0.932
B079,Z037,960.3,3.65,25966,Operador B,0.956
B079,Z038,992.9,3.77,24126,Operador A,0.972
B079,Z039,1024.4,3.85,25689,Operador A,0.873
B079,Z040,1031.0,3.7,21785,Operador C,0.978
B079,Z041,524.4,2.49,14886,Operador B,0.877
B079,Z042,513.3,2.32,12506,Operador C,0.875
B079,Z043,569.9,2.57,17621,Operador C,0.984
B079,Z044,555.2,2.48,14713,Operador B,0.911
B079,Z045,551.4,2.6,15079,Operador C,0.957
B079,Z046,487.1,2.42,14203,Operador B,0.959
B079,Z047,517.5,2.29,11821,Operador B,0.875
B079,Z048,549.8,2.39,14115,Operador B,0.936
B079,Z049,553.3,2.4,16195,Operador C,0.934
B079,Z050,569.4,2.55,13834,Operador B,0.921
B079,Z051,42.8,1.16,4908,Operador C,0.869
B079,Z052,38.9,1.08,4712,Operador B,0.972
B079,Z053,42.3,1.09,4687,Operador B,0.927
B079,Z054,43.7,1.18,4939,Operador A,0.895
B079,Z055,33.7,1.0,4586,Operador A,0.916
B079,Z056,51.6,1.06,5224,Operador A,0.887
B079,Z057,49.9,1.16,5017,Operador A,0.884
B079,Z058,43.8,1.19,4762,Operador C,0.945
B079,Z059,50.0,1.17,5052,Operador C,0.897
B079,Z060,53.3,1.11,5241,Operador B,0.977
B080,Z001,229.5,1.62,8556,Operador C,0.932
B080,Z002,248.0,1.67,9786,Operador B,0.895
B080,Z003,243.4,1.71,9301,Operador B,0.861
B080,Z004,231.9,1.55,8033,Operador B,0.879
B080,Z005,210.3,1.48,8569,Operador C,0.911
B080,Z006,234.7,1.56,8583,Operador A,0.898
B080,Z007,225.1,1.64,9150,Operador B,0.96
B080,Z008,230.9,1.72,8972,Operador C,0.907
B080,Z009,228.8,1.64,8860,Operador C,0.888
B080,Z010,233.8,1.7,8183,Operador B,0.919
B080,Z011,241.0,1.73,8179,Operador B,0.968
B080,Z012,253.0,1.76,9945,Operador B,0.896
B080,Z013,259.7,1.6,9932,Operador B,0.903
B080,Z014,250.5,1.58,7781,Operador C,0.934
B080,Z015,244.4,1.57,8566,Operador A,0.906
B080,Z016,246.6,1.65,9664,Operador B,0.922
B080,Z017,269.6,1.75,9701,Operador C,0.866
B080,Z018,250.5,1.76,8148,Operador A,0.923
B080,Z019,248.3,1.63,9857,Operador C,0.946
B080,Z020,239.1,1.61,7765,Operador B,0.93
B080,Z021,225.8,1.61,7584,Operador A,0.983
B080,Z022,217.0,1.53,8197,Operador A,0.97
B080,Z023,201.6,1.48,7416,Operador C,0.868
B080,Z024,216.0,1.59,8588,Operador C,0.961
B080,Z025,210.9,1.48,8797,Operador A,0.988
B080,Z026,213.4,1.52,8860,Operador B,0.871
B080,Z027,217.3,1.59,7799,Operador A,0.903
B080,Z028,203.6,1.49,7759,Operador A,0.926
B080,Z029,221.4,1.59,7928,Operador B,0.886
B080,Z030,228.7,1.62,7822,Operador A,0.874
B080,Z031,1032.1,3.82,23843,Operador A,0.905
B080,Z032,925.4,3.44,18029,Operador B,0.907
B080,Z033,953.1,3.6,18988,Operador B,0.871
B080,Z034,925.9,3.47,21866,Operador B,0.917
B080,Z035,893.9,3.31,21441,Operador A,0.952
B080,Z036,940.9,3.58,22846,Operador C,0.976
B080,Z037,885.4,3.4,18505,Operador A,0.976
B080,Z038,945.0,3.48,19713,Operador C,0.914
B080,Z039,995.0,3.67,24600,Operador A,0.87
B080,Z040,976.6,3.66,20230,Operador B,0.863
B080,Z041,498.3,2.35,15633,Operador B,0.972
B080,Z042,539.7,2.38,13728,Operador B,0.962
B080,Z043,489.7,2.26,14728,Operador A,0.97
B080,Z044,527.1,2.34,16117,Operador B,0.898
B080,Z045,564.6,2.52,13753,Operador B,0.906
B080,Z046,542.5,2.53,16321,Operador B,0.91
B080,Z047,496.1,2.41,15709,Operador A,0.931
B080,Z048,540.1,2.54,13222,Operador B,0.899
B080,Z049,538.6,2.53,14706,Operador B,0.916
B080,Z050,552.0,2.4,16969,Operador A,0.953
B080,Z051,38.1,1.16,4853,Operador B,0.889
B080,Z052,29.7,1.17,4685,Operador B,0.93
B080,Z053,34.5,1.11,4756,Operador B,0.968
B080,Z054,36.1,1.04,4706,Operador C,0.91
B080,Z055,28.0,1.16,4444,Operador A,0.921
B080,Z056,39.6,1.16,4751,Operador A,0.916
B080,Z057,38.0,1.0,4688,Operador A,0.923
B080,Z058,35.7,1.01,4838,Operador C,0.877
B080,Z059,42.0,1.18,4700,Operador C,0.898
B080,Z060,47.4,1.2,4916,Operador C,0.951
B081,Z001,228.0,1.67,8529,Operador C,0.961
B081,Z002,221.2,1.54,8268,Operador A,0.94
B081,Z003,208.2,1.65,8162,Operador C,0.884
B081,Z004,233.3,1.7,8117,Operador A,0.964
B081,Z005,226.3,1.67,7681,Operador B,0.963
B081,Z006,222.7,1.58,7581,Operador A,0.967
B081,Z007,238.3,1.59,9085,Operador C,0.962
B081,Z008,218.7,1.68,9228,Operador A,0.945
B081,Z009,211.7,1.52,7374,Operador C,0.96
B081,Z010,231.3,1.7,7708,Operador B,0.964
B081,Z011,233.9,1.69,8777,Operador B,0.918
B081,Z012,245.7,1.74,8314,Operador A,0.973
B081,Z013,245.9,1.63,8874,Operador B,0.93
B081,Z014,250.2,1.74,9755,Operador A,0.884
B081,Z015,264.6,1.64,8205,Operador A,0.891
B081,Z016,239.2,1.55,9061,Operador A,0.895
B081,Z017,263.3,1.72,8626,Operador C,0.869
B081,Z018,225.9,1.61,7526,Operador B,0.985
B081,Z019,272.4,1.67,8157,Operador C,0.925
B081,Z020,264.4,1.74,8764,Operador B,0.864
B081,Z021,218.4,1.56,7403,Operador A,0.969
B081,Z022,221.1,1.63,8351,Operador B,0.939
B081,Z023,205.2,1.66,8152,Operador B,0.957
B081,Z024,203.4,1.56,7930,Operador B,0.892
B081,Z025,228.7,1.51,8351,Operador A,0.87
B081,Z026,224.9,1.52,8570,Operador A,0.878
B081,Z027,229.7,1.63,7734,Operador C,0.985
B081,Z028,222.1,1.59,7678,Operador A,0.922
B081,Z029,200.2,1.63,7782,Operador A,0.985
B081,Z030,214.8,1.58,8654,Operador B,0.871
B081,Z031,1027.1,3.73,21066,Operador C,0.882
B081,Z032,1009.7,3.69,21368,Operador C,0.974
B081,Z033,952.9,3.63,19873,Operador A,0.884
B081,Z034,988.3,3.69,19536,Operador A,0.979
B081,Z035,966.3,3.54,18826,Operador C,0.91
B081,Z036,963.1,3.54,18911,Operador B,0.921
B081,Z037,911.5,3.39,17754,Operador C,0.905
B081,Z038,1014.1,3.81,26381,Operador A,0.986
B081,Z039,918.2,3.51,24600,Operador B,0.928
B081,Z040,944.5,3.63,24272,Operador B,0.873
B081,Z041,541.9,2.49,15932,Operador B,0.944
B081,Z042,500.1,2.37,14505,Operador C,0.879
B081,Z043,507.2,2.46,14413,Operador B,0.877
B081,Z044,529.3,2.37,15703,Operador B,0.978
B081,Z045,530.0,2.47,13300,Operador B,0.938
B081,Z046,512.3,2.39,13623,Operador C,0.905
B081,Z047,542.7,2.48,15532,Operador C,0.945
B081,Z048,553.1,2.41,12318,Operador C,0.965
B081,Z049,552.0,2.59,13986,Operador C,0.941
B081,Z050,574.9,2.51,14787,Operador A,0.974
B081,Z051,33.0,1.09,4680,Operador B,0.908
B081,Z052,29.3,1.05,4698,Operador B,0.872
B081,Z053,33.7,1.03,4715,Operador A,0.967
B081,Z054,34.7,1.0,4781,Operador C,0.914
B081,Z055,26.5,1.08,4508,Operador A,0.957
B081,Z056,38.9,1.21,4748,Operador C,0.912
B081,Z057,39.5,1.02,4925,Operador B,0.934
B081,Z058,33.5,1.05,4522,Operador C,0.923
B081,Z059,41.5,1.15,4916,Operador C,0.947
B081,Z060,43.5,1.18,4885,Operador B,0.923
B082,Z001,178.7,1.51,8275,Operador B,0.937
B082,Z002,184.4,1.48,8224,Operador B,0.906
B082,Z003,154.4,1.44,7472,Operador C,0.959
B082,Z004,164.0,1.37,6548,Operador B,0.907
B082,Z005,162.5,1.49,7236,Operador B,0.888
B082,Z006,160.4,1.45,7189,Operador C,0.975
B082,Z007,176.5,1.44,6796,Operador C,0.968
B082,Z008,160.0,1.41,6608,Operador B,0.942
B082,Z009,153.2,1.42,7312,Operador C,0.88
B082,Z010,183.1,1.54,7377,Operador C,0.879
B082,Z011,279.7,1.72,9179,Operador C,0.887
B082,Z012,264.4,1.7,9351,Operador B,0.966
B082,Z013,276.7,1.64,9079,Operador A,0.888
B082,Z014,278.6,1.74,9467,Operador C,0.891
B082,Z015,259.4,1.7,8097,Operador C,0.963
B082,Z016,299.1,1.76,11064,Operador B,0.982
B082,Z017,289.7,1.75,10719,Operador B,0.989
B082,Z018,281.1,1.79,9173,Operador A,0.903
B082,Z019,277.4,1.66,9803,Operador B,0.964
B082,Z020,263.7,1.68,9839,Operador B,0.931
B082,Z021,275.3,1.73,9383,Operador B,0.881
B082,Z022,239.0,1.55,8802,Operador A,0.978
B082,Z023,262.9,1.61,9686,Operador C,0.929
B082,Z024,231.7,1.53,8453,Operador A,0.917
B082,Z025,244.5,1.56,9110,Operador B,0.919
B082,Z026,242.2,1.64,7841,Operador C,0.861
B082,Z027,248.0,1.57,9522,Operador A,0.961
B082,Z028,253.1,1.68,9433,Operador A,0.881
B082,Z029,262.3,1.77,10119,Operador A,0.881
B082,Z030,255.9,1.74,8652,Operador C,0.904
B082,Z031,1026.8,3.83,24998,Operador B,0.891
B082,Z032,900.6,3.49,20758,Operador B,0.971
B082,Z033,981.4,3.67,26329,Operador C,0.953
B082,Z034,912.7,3.4,24484,Operador C,0.973
B082,Z035,961.5,3.58,22300,Operador A,0.899
B082,Z036,933.0,3.45,24988,Operador B,0.927
B082,Z037,999.4,3.73,24383,Operador C,0.981
B082,Z038,1023.4,3.7,20049,Operador B,0.865
B082,Z039,1006.3,3.79,27383,Operador B,0.879
B082,Z040,946.4,3.56,24217,Operador B,0.939
B082,Z041,523.0,2.31,13073,Operador B,0.922
B082,Z042,481.6,2.41,14216,Operador B,0.947
B082,Z043,489.2,2.25,13951,Operador B,0.866
B082,Z044,479.4,2.35,11231,Operador A,0.864
B082,Z045,535.7,2.51,15925,Operador B,0.868
B082,Z046,482.0,2.41,14365,Operador B,0.972
B082,Z047,514.5,2.47,14403,Operador A,0.912
B082,Z048,467.2,2.29,13251,Operador A,0.941
B082,Z049,533.2,2.46,13344,Operador B,0.953
B082,Z050,498.1,2.35,11699,Operador C,0.967
B082,Z051,80.8,1.31,5874,Operador A,0.957
B082,Z052,81.3,1.14,5527,Operador B,0.949
B082,Z053,84.5,1.32,5447,Operador B,0.887
B082,Z054,88.3,1.16,5625,Operador B,0.9
B082,Z055,89.9,1.29,5848,Operador A,0.944
B082,Z056,101.1,1.29,6237,Operador A,0.867
B082,Z057,99.4,1.17,5820,Operador B,0.949
B082,Z058,91.3,1.21,6046,Operador C,0.985
B082,Z059,108.3,1.29,5926,Operador B,0.976
B082,Z060,101.2,1.18,5984,Operador A,0.968
B083,Z001,185.0,1.44,6867,Operador B,0.876
B083,Z002,172.3,1.48,7282,Operador C,0.961
B083,Z003,179.2,1.55,7266,Operador B,0.886
B083,Z004,162.3,1.4,7488,Operador C,0.917
B083,Z005,170.2,1.39,6939,Operador C,0.93
B083,Z006,170.0,1.42,7022,Operador B,0.962
B083,Z007,177.1,1.38,7594,Operador B,0.962
B083,Z008,175.4,1.46,6819,Operador C,0.918
B083,Z009,177.3,1.44,8201,Operador A,0.918
B083,Z010,182.7,1.39,6778,Operador B,0.892
B083,Z011,286.2,1.82,9423,Operador C,0.927
B083,Z012,279.1,1.84,9314,Operador B,0.966
B083,Z013,266.2,1.77,9973,Operador B,0.881
B083,Z014,279.2,1.84,8787,Operador C,0.89
B083,Z015,265.1,1.7,7989,Operador A,0.987
B083,Z016,296.2,1.91,8966,Operador B,0.869
B083,Z017,284.7,1.83,8931,Operador C,0.924
B083,Z018,278.1,1.75,8199,Operador B,0.983
B083,Z019,263.5,1.7,9965,Operador A,0.932
B083,Z020,280.5,1.73,8974,Operador B,0.959
B083,Z021,257.4,1.64,8665,Operador A,0.943
B083,Z022,243.8,1.71,8160,Operador C,0.892
B083,Z023,232.3,1.71,7905,Operador A,0.934
B083,Z024,209.7,1.64,7433,Operador C,0.929
B083,Z025,223.5,1.64,8607,Operador C,0.963
B083,Z026,246.0,1.59,8325,Operador B,0.928
B083,Z027,221.5,1.66,7845,Operador A,0.861
B083,Z028,252.8,1.67,9749,Operador A,0.919
B083,Z029,245.0,1.75,9293,Operador A,0.902
B083,Z030,242.8,1.75,8076,Operador A,0.918
B083,Z031,918.0,3.44,21792,Operador B,0.887
B083,Z032,904.7,3.44,24212,Operador A,0.929
B083,Z033,1008.0,3.7,26878,Operador A,0.952
B083,Z034,1022.2,3.71,28473,Operador C,0.978
B083,Z035,933.7,3.49,25975,Operador B,0.895
B083,Z036,922.5,3.59,20613,Operador B,0.906
B083,Z037,930.9,3.49,22248,Operador A,0.981
B083,Z038,947.2,3.64,25748,Operador A,0.897
B083,Z039,898.9,3.41,23339,Operador C,0.927
B083,Z040,1041.4,3.91,20279,Operador C,0.869
B083,Z041,553.1,2.49,15305,Operador C,0.88
B083,Z042,548.8,2.45,14766,Operador B,0.9
B083,Z043,500.5,2.31,15174,Operador A,0.93
B083,Z044,473.4,2.36,11971,Operador A,0.896
B083,Z045,511.7,2.4,16060,Operador C,0.876
B083,Z046,536.1,2.5,14527,Operador C,0.956
B083,Z047,499.1,2.43,13954,Operador C,0.931
B083,Z048,510.2,2.38,14363,Operador C,0.916
B083,Z049,529.1,2.52,13854,Operador A,0.916
B083,Z050,491.2,2.27,14655,Operador C,0.971
B083,Z051,77.1,1.23,5303,Operador C,0.988
B083,Z052,74.9,1.17,5779,Operador C,0.869
B083,Z053,83.8,1.32,5870,Operador C,0.898
B083,Z054,88.2,1.27,5670,Operador A,0.869
B083,Z055,75.3,1.2,5416,Operador C,0.947
B083,Z056,95.8,1.31,6033,Operador C,0.938
B083,Z057,91.0,1.34,5537,Operador B,0.989
B083,Z058,83.0,1.31,5459,Operador C,0.961
B083,Z059,95.8,1.16,6094,Operador A,0.977
B083,Z060,89.2,1.25,5515,Operador A,0.872
B084,Z001,177.7,1.52,7758,Operador A,0.895
B084,Z002,176.9,1.57,7163,Operador B,0.893
B084,Z003,163.0,1.55,7111,Operador A,0.928
B084,Z004,157.6,1.45,6427,Operador B,0.88
B084,Z005,146.7,1.45,6952,Operador B,0.985
B084,Z006,169.4,1.46,8000,Operador B,0.889
B084,Z007,183.8,1.43,6806,Operador C,0.932
B084,Z008,154.0,1.49,6954,Operador A,0.873
B084,Z009,150.2,1.41,7293,Operador C,0.897
B084,Z010,169.8,1.39,7015,Operador B,0.881
B084,Z011,266.8,1.64,8405,Operador B,0.91
B084,Z012,242.6,1.76,8686,Operador C,0.869
B084,Z013,265.5,1.69,8781,Operador C,0.869
B084,Z014,255.2,1.59,9475,Operador C,0.913
B084,Z015,261.7,1.78,10170,Operador A,0.941
B084,Z016,272.9,1.8,9629,Operador C,0.961
B084,Z017,293.7,1.72,10985,Operador A,0.986
B084,Z018,246.9,1.78,9576,Operador B,0.869
B084,Z019,267.6,1.69,9653,Operador A,0.865
B084,Z020,263.5,1.63,10127,Operador A,0.905
B084,Z021,254.9,1.67,8503,Operador B,0.971
B084,Z022,244.8,1.68,8362,Operador C,0.879
B084,Z023,272.0,1.83,9352,Operador A,0.94
B084,Z024,242.0,1.71,9079,Operador B,0.959
B084,Z025,240.0,1.71,9594,Operador C,0.935
B084,Z026,267.4,1.76,8378,Operador A,0.887
B084,Z027,253.2,1.6,9508,Operador A,0.962
B084,Z028,273.0,1.72,10073,Operador B,0.936
B084,Z029,234.5,1.74,7751,Operador A,0.87
B084,Z030,246.1,1.61,8234,Operador B,0.948
B084,Z031,895.0,3.46,24336,Operador A,0.97
B084,Z032,976.6,3.73,21999,Operador C,0.933
B084,Z033,935.9,3.63,18712,Operador C,0.919
B084,Z034,1010.0,3.73,20140,Operador B,0.983
B084,Z035,1031.1,3.71,25722,Operador A,0.864
B084,Z036,940.8,3.56,20857,Operador A,0.866
B084,Z037,1000.5,3.74,23731,Operador A,0.976
B084,Z038,1020.5,3.73,22082,Operador A,0.936
B084,Z039,889.4,3.3,19402,Operador A,0.861
B084,Z040,1019.7,3.85,26553,Operador A,0.928
B084,Z041,515.9,2.39,15206,Operador B,0.866
B084,Z042,470.0,2.25,14382,Operador A,0.987
B084,Z043,458.0,2.14,13863,Operador C,0.989
B084,Z044,512.8,2.33,14085,Operador C,0.981
B084,Z045,512.5,2.34,12585,Operador C,0.978
B084,Z046,460.1,2.19,13489,Operador C,0.979
B084,Z047,473.9,2.25,12153,Operador A,0.97
B084,Z048,479.0,2.2,14316,Operador C,0.966
B084,Z049,508.9,2.27,14430,Operador C,0.866
B084,Z050,465.9,2.17,12798,Operador C,0.928
B084,Z051,77.7,1.25,5305,Operador B,0.97
B084,Z052,82.3,1.23,5882,Operador B,0.969
B084,Z053,84.2,1.27,5299,Operador C,0.985
B084,Z054,86.1,1.27,5496,Operador C,0.979
B084,Z055,86.7,1.34,5923,Operador C,0.935
B084,Z056,96.4,1.17,6169,Operador C,0.878
B084,Z057,97.0,1.36,6003,Operador A,0.899
B084,Z058,97.1,1.16,6102,Operador B,0.944
B084,Z059,103.0,1.21,5745,Operador B,0.882
B084,Z060,94.4,1.32,6001,Operador A,0.962
B085,Z001,110.0,1.29,6487,Operador A,0.864
B085,Z002,104.8,1.19,5852,Operador B,0.935
B085,Z003,122.7,1.27,6918,Operador A,0.879
B085,Z004,111.6,1.4,6672,Operador B,0.955
B085,Z005,109.5,1.23,5704,Operador B,0.986
B085,Z006,105.6,1.39,6373,Operador B,0.943
B085,Z007,106.3,1.3,6434,Operador C,0.897
B085,Z008,102.6,1.24,5915,Operador B,0.973
B085,Z009,119.9,1.32,6811,Operador C,0.946
B085,Z010,102.2,1.35,5593,Operador B,0.956
B085,Z011,426.8,2.23,12842,Operador A,0.914
B085,Z012,445.7,2.28,11902,Operador C,0.941
B085,Z013,438.2,2.28,10611,Operador B,0.909
B085,Z014,441.7,2.2,14447,Operador A,0.892
B085,Z015,414.6,2.15,10920,Operador A,0.933
B085,Z016,435.1,2.12,10970,Operador C,0.873
B085,Z017,460.5,2.27,11407,Operador A,0.89
B085,Z018,406.9,2.14,12519,Operador A,0.951
B085,Z019,392.4,2.05,10611,Operador C,0.914
B085,Z020,425.7,2.26,11864,Operador B,0.865
B085,Z021,423.6,2.23,11686,Operador A,0.922
B085,Z022,474.0,2.29,15010,Operador C,0.956
B085,Z023,457.9,2.34,11933,Operador C,0.928
B085,Z024,452.2,2.19,11415,Operador A,0.988
B085,Z025,453.1,2.28,11657,Operador C,0.959
B085,Z026,406.9,2.0,11665,Operador B,0.986
B085,Z027,465.3,2.25,11570,Operador B,0.923
B085,Z028,436.5,2.07,12012,Operador C,0.903
B085,Z029,463.1,2.15,14454,Operador C,0.912
B085,Z030,473.9,2.21,11421,Operador C,0.981
B085,Z031,1071.8,3.83,26992,Operador A,0.987
B085,Z032,1016.2,3.82,25075,Operador C,0.86
B085,Z033,1051.0,3.95,27531,Operador C,0.952
B085,Z034,1034.9,3.74,24413,Operador B,0.905
B085,Z035,997.5,3.62,22323,Operador A,0.924
B085,Z036,961.5,3.51,26218,Operador C,0.936
B085,Z037,1014.4,3.76,27567,Operador C,0.883
B085,Z038,958.4,3.55,26903,Operador C,0.914
B085,Z039,1104.4,3.89,30474,Operador B,0.887
B085,Z040,989.8,3.73,22866,Operador A,0.948
B085,Z041,486.8,2.25,12977,Operador B,0.953
B085,Z042,435.8,2.14,13078,Operador B,0.915
B085,Z043,425.2,2.2,11264,Operador B,0.962
B085,Z044,471.6,2.2,13787,Operador B,0.863
B085,Z045,478.1,2.35,13539,Operador C,0.979
B085,Z046,441.0,2.25,14071,Operador A,0.927
B085,Z047,470.9,2.19,11544,Operador B,0.959
B085,Z048,468.6,2.34,11264,Operador B,0.86
B085,Z049,472.1,2.35,11750,Operador C,0.924
B085,Z050,473.2,2.28,11752,Operador B,0.883
B085,Z051,308.4,1.91,11274,Operador A,0.969
B085,Z052,323.4,1.79,11225,Operador C,0.942
B085,Z053,303.4,1.82,9732,Operador C,0.899
B085,Z054,308.6,1.82,9899,Operador C,0.974
B085,Z055,305.8,1.79,8632,Operador B,0.928
B085,Z056,302.9,1.84,8942,Operador B,0.913
B085,Z057,304.1,1.92,8722,Operador B,0.968
B085,Z058,319.4,1.81,10024,Operador C,0.964
B085,Z059,326.2,1.95,11634,Operador A,0.895
B085,Z060,349.1,2.01,9658,Operador A,0.912
B086,Z001,107.8,1.28,,Operador A,0.937
B086,Z002,102.3,1.3,6065,Operador A,0.939
B086,Z003,112.7,1.26,5712,Operador C,0.896
B086,Z004,110.8,1.3,6354,Operador B,0.88
B086,Z005,113.6,1.27,6365,Operador C,0.956
B086,Z006,102.9,1.19,5792,Operador C,0.977
B086,Z007,108.5,1.37,6111,Operador A,0.9
B086,Z008,108.7,1.27,5862,Operador B,0.926
B086,Z009,114.0,1.33,5825,Operador A,0.978
B086,Z010,99.4,1.36,6366,Operador B,0.977
B086,Z011,448.7,2.29,10998,Operador C,0.874
B086,Z012,454.2,2.2,13342,Operador B,0.915
B086,Z013,381.3,2.0,12574,Operador C,0.915
B086,Z014,454.7,2.3,14277,Operador B,0.967
B086,Z015,443.3,2.09,12640,Operador C,0.865
B086,Z016,461.0,2.16,15053,Operador B,0.931
B086,Z017,436.7,2.21,12034,Operador B,0.967
B086,Z018,389.6,1.96,12164,Operador B,0.869
B086,Z019,397.1,2.01,11472,Operador B,0.897
B086,Z020,406.4,2.07,12813,Operador A,0.918
B086,Z021,481.3,2.29,11968,Operador B,0.936
B086,Z022,462.0,2.34,14777,Operador A,0.892
B086,Z023,454.3,2.21,12301,Operador B,0.901
B086,Z024,455.6,2.27,11414,Operador B,0.908
B086,Z025,466.0,2.24,13987,Operador A,0.961
B086,Z026,477.6,2.27,12429,Operador C,0.902
B086,Z027,458.3,2.21,12220,Operador A,0.933
B086,Z028,423.9,2.05,13075,Operador C,0.931
B086,Z029,431.6,2.12,13652,Operador C,0.861
B086,Z030,460.4,2.29,11332,Operador C,0.875
B086,Z031,1075.7,3.89,25436,Operador B,0.95
B086,Z032,938.7,3.61,25928,Operador C,0.879
B086,Z033,1025.0,3.78,26468,Operador A,0.941
B086,Z034,1042.3,3.91,20660,Operador B,0.878
B086,Z035,1089.9,3.94,24813,Operador C,0.94
B086,Z036,1084.1,3.93,30016,Operador A,0.873
B086,Z037,1023.0,3.72,19820,Operador A,0.912
B086,Z038,990.3,3.66,26912,Operador B,0.965
B086,Z039,1080.6,4.01,26998,Operador C,0.948
B086,Z040,967.8,3.69,26385,Operador B,0.946
B086,Z041,491.5,2.36,13387,Operador A,0.894
B086,Z042,462.7,2.29,10961,Operador B,0.875
B086,Z043,431.2,2.13,10593,Operador A,0.96
B086,Z044,414.1,2.04,10966,Operador B,0.941
B086,Z045,408.2,2.13,12127,Operador A,0.915
B086,Z046,441.4,2.16,14245,Operador B,0.956
B086,Z047,488.3,2.25,13410,Operador C,0.872
B086,Z048,440.2,2.14,11662,Operador B,0.972
B086,Z049,440.3,2.18,13695,Operador A,0.966
B086,Z050,470.0,2.17,15044,Operador A,0.925
B086,Z051,297.7,1.7,8755,Operador A,0.974
B086,Z052,308.5,1.9,9279,Operador B,0.913
B086,Z053,334.6,1.9,10889,Operador C,0.893
B086,Z054,335.6,1.81,9195,Operador C,0.979
B086,Z055,324.4,1.89,11515,Operador B,0.863
B086,Z056,310.4,1.73,9345,Operador B,0.938
B086,Z057,357.7,1.91,10202,Operador A,0.867
B086,Z058,326.9,1.95,10092,Operador A,0.873
B086,Z059,345.2,1.95,11195,Operador C,0.968
B086,Z060,350.7,1.94,11933,Operador B,0.861
B087,Z001,108.9,1.27,6343,Operador A,0.868
B087,Z002,97.3,1.22,6121,Operador C,0.987
B087,Z003,119.5,1.36,5830,Operador B,0.928
B087,Z004,116.2,1.24,6376,Operador B,0.97
B087,Z005,120.4,1.24,6405,Operador C,0.938
B087,Z006,105.7,1.26,6438,Operador B,0.898
B087,Z007,109.1,1.29,6402,Operador C,0.894
B087,Z008,110.1,1.27,5833,Operador A,0.966
B087,Z009,107.1,1.26,6067,Operador C,0.891
B087,Z010,109.6,1.38,6620,Operador B,0.912
B087,Z011,433.5,2.17,11700,Operador A,0.965
B087,Z012,439.8,2.3,11626,Operador A,0.909
B087,Z013,414.0,2.02,11831,Operador C,0.878
B087,Z014,446.4,2.2,12207,Operador A,0.871
B087,Z015,401.5,2.14,10986,Operador C,0.918
B087,Z016,411.2,2.07,10953,Operador B,0.959
B087,Z017,400.6,2.04,11419,Operador C,0.99
B087,Z018,409.2,2.18,12071,Operador B,0.976
B087,Z019,454.9,2.21,13008,Operador A,0.866
B087,Z020,452.9,2.13,11578,Operador A,0.919
B087,Z021,453.5,2.32,10974,Operador C,0.987
B087,Z022,486.4,2.42,14257,Operador B,0.891
B087,Z023,483.1,2.3,14275,Operador B,0.949
B087,Z024,419.1,2.12,10408,Operador B,0.915
B087,Z025,450.0,2.17,12372,Operador B,0.957
B087,Z026,472.9,2.34,14078,Operador C,0.884
B087,Z027,453.0,2.33,11950,Operador C,0.93
B087,Z028,436.4,2.15,11806,Operador C,0.983
B087,Z029,420.7,2.16,12367,Operador C,0.987
B087,Z030,432.7,2.12,13981,Operador A,0.867
B087,Z031,976.4,3.67,20922,Operador C,0.905
B087,Z032,1042.5,3.87,26947,Operador A,0.942
B087,Z033,959.8,3.62,20038,Operador A,0.966
B087,Z034,1022.8,3.84,24210,Operador B,0.862
B087,Z035,1064.7,3.77,27031,Operador A,0.862
B087,Z036,1052.4,3.84,28038,Operador B,0.976
B087,Z037,962.9,3.68,25198,Operador A,0.984
B087,Z038,1083.9,4.02,22141,Operador C,0.907
B087,Z039,1102.9,4.01,26161,Operador A,0.955
B087,Z040,976.6,3.54,19710,Operador B,0.907
B087,Z041,445.4,2.3,11671,Operador C,0.873
B087,Z042,459.8,2.13,12473,Operador A,0.982
B087,Z043,471.9,2.29,12795,Operador C,0.887
B087,Z044,453.3,2.26,13080,Operador A,0.872
B087,Z045,425.4,2.05,13360,Operador A,0.918
B087,Z046,444.7,2.19,13445,Operador C,0.893
B087,Z047,485.5,2.35,13979,Operador B,0.941
B087,Z048,451.1,2.22,14348,Operador B,0.865
B087,Z049,451.3,2.14,12419,Operador B,0.944
B087,Z050,415.2,2.16,12101,Operador B,0.952
B087,Z051,333.5,1.87,11504,Operador C,0.909
B087,Z052,304.8,1.71,10319,Operador C,0.983
B087,Z053,331.8,1.97,11044,Operador C,0.906
B087,Z054,345.5,1.97,11539,Operador A,0.936
B087,Z055,327.9,1.88,9151,Operador C,0.968
B087,Z056,351.4,1.97,11936,Operador A,0.878
B087,Z057,350.0,1.99,11186,Operador B,0.961
B087,Z058,331.8,1.96,11941,Operador A,0.974
B087,Z059,345.3,1.9,12016,Operador B,0.874
B087,Z060,347.9,1.99,9787,Operador B,0.926
B088,Z001,522.8,2.49,15042,Operador A,0.926
B088,Z002,564.5,2.54,15110,Operador C,0.942
B088,Z003,535.2,2.5,13069,Operador C,0.982
B088,Z004,496.3,2.4,12543,Operador B,0.984
B088,Z005,554.1,2.53,13973,Operador A,0.968
B088,Z006,528.7,2.53,13656,Operador A,0.983
B088,Z007,478.9,2.38,15352,Operador B,0.916
B088,Z008,532.9,2.47,14545,Operador C,0.911
B088,Z009,570.4,2.64,13165,Operador C,0.866
B088,Z010,489.8,2.3,14982,Operador A,0.899
B088,Z011,490.8,2.4,15617,Operador C,0.919
B088,Z012,527.1,2.32,14268,Operador A,0.986
B088,Z013,490.2,2.3,14775,Operador B,0.984
B088,Z014,493.7,2.24,14849,Operador B,0.913
B088,Z015,549.0,2.51,16006,Operador B,0.869
B088,Z016,545.7,2.48,13904,Operador B,0.976
B088,Z017,492.7,2.29,12548,Operador B,0.916
B088,Z018,544.9,2.46,13987,Operador B,0.979
B088,Z019,526.7,2.36,16077,Operador C,0.889
B088,Z020,543.6,2.52,15048,Operador B,0.876
B088,Z021,863.1,3.29,17348,Operador C,0.973
B088,Z022,823.8,3.24,22566,Operador A,0.913
B088,Z023,913.2,3.57,18647,Operador A,0.878
B088,Z024,922.0,3.47,19730,Operador C,0.93
B088,Z025,868.3,3.34,17210,Operador A,0.865
B088,Z026,908.5,3.46,18687,Operador C,0.958
B088,Z027,930.9,3.48,20528,Operador B,0.878
B088,Z028,923.2,3.4,24528,Operador B,0.905
B088,Z029,823.8,3.27,22836,Operador C,0.97
B088,Z030,932.4,3.61,24988,Operador C,0.923
B088,Z031,593.7,2.52,13517,Operador C,0.878
B088,Z032,544.0,2.54,14055,Operador C,0.895
B088,Z033,551.0,2.52,15034,Operador C,0.861
B088,Z034,557.5,2.41,14986,Operador C,0.975
B088,Z035,539.9,2.51,13413,Operador C,0.914
B088,Z036,581.4,2.57,12864,Operador C,0.924
B088,Z037,576.0,2.64,17662,Operador B,0.87
B088,Z038,598.4,2.58,13206,Operador A,0.91
B088,Z039,599.9,2.61,13836,Operador A,0.874
B088,Z040,600.2,2.64,18291,Operador A,0.91
B088,Z041,149.6,1.5,6441,Operador C,0.95
B088,Z042,142.3,1.43,7127,Operador A,0.899
B088,Z043,142.2,1.4,6368,Operador B,0.975
B088,Z044,154.3,1.42,6430,Operador B,0.865
B088,Z045,159.4,1.36,7653,Operador B,0.88
B088,Z046,157.8,1.39,7014,Operador B,0.981
B088,Z047,134.4,1.36,6776,Operador C,0.967
B088,Z048,139.8,1.41,7345,Operador A,0.916
B088,Z049,156.9,1.45,6639,Operador B,0.93
B088,Z050,141.1,1.43,6214,Operador A,0.9
B088,Z051,658.9,2.85,16300,Operador B,0.861
B088,Z052,654.8,2.68,15365,Operador B,0.97
B088,Z053,634.7,2.81,14357,Operador B,0.971
B088,Z054,674.4,2.73,14447,Operador B,0.972
B088,Z055,614.2,2.61,17103,Operador C,0.885
B088,Z056,648.1,2.84,18687,Operador C,0.945
B088,Z057,612.9,2.66,17648,Operador B,0.976
B088,Z058,631.5,2.65,16386,Operador B,0.881
B088,Z059,680.9,2.8,18448,Operador B,0.935
B088,Z060,634.4,2.73,18537,Operador A,0.965
B089,Z001,549.6,2.58,13914,Operador C,0.938
B089,Z002,489.8,2.41,12286,Operador C,0.918
B089,Z003,492.9,2.24,15718,Operador C,0.888
B089,Z004,504.2,2.28,11985,Operador B,0.985
B089,Z005,494.1,2.34,13226,Operador A,0.909
B089,Z006,547.9,2.41,12340,Operador A,0.926
B089,Z007,470.8,2.37,13387,Operador A,0.924
B089,Z008,497.6,2.36,14115,Operador A,0.96
B089,Z009,557.0,2.48,15274,Operador B,0.878
B089,Z010,486.3,2.29,12198,Operador C,0.916
B089,Z011,514.6,2.4,14704,Operador C,0.962
B089,Z012,491.2,2.37,15714,Operador C,0.983
B089,Z013,537.7,2.43,16221,Operador B,0.953
B089,Z014,534.3,2.55,16067,Operador C,0.937
B089,Z015,538.7,2.42,15672,Operador B,0.908
B089,Z016,525.5,2.52,15744,Operador C,0.979
B089,Z017,496.8,2.31,14705,Operador C,0.872
B089,Z018,531.0,2.49,14584,Operador A,0.901
B089,Z019,461.7,2.17,11352,Operador A,0.969
B089,Z020,518.5,2.38,12904,Operador A,0.99
B089,Z021,930.6,3.55,20625,Operador A,0.939
B089,Z022,926.8,3.56,19241,Operador C,0.934
B089,Z023,870.5,3.37,24133,Operador C,0.863
B089,Z024,908.3,3.37,19724,Operador C,0.973
B089,Z025,936.2,3.57,20520,Operador A,0.92
B089,Z026,857.6,3.35,23484,Operador A,0.931
B089,Z027,818.1,3.25,19343,Operador A,0.964
B089,Z028,948.3,3.55,25624,Operador B,0.916
B089,Z029,929.6,3.61,24679,Operador C,0.87
B089,Z030,826.5,3.2,22858,Operador A,0.969
B089,Z031,623.1,2.71,17979,Operador B,0.916
B089,Z032,527.0,2.5,15294,Operador B,0.963
B089,Z033,568.0,2.45,13360,Operador B,0.952
B089,Z034,521.0,2.41,15752,Operador A,0.896
B089,Z035,598.3,2.58,15775,Operador A,0.96
B089,Z036,612.7,2.73,16210,Operador B,0.947
B089,Z037,542.0,2.4,16194,Operador A,0.961
B089,Z038,591.9,2.66,13407,Operador C,0.953
B089,Z039,565.7,2.43,15507,Operador A,0.879
B089,Z040,533.5,2.48,16460,Operador A,0.956
B089,Z041,123.0,1.29,6272,Operador B,0.952
B089,Z042,124.3,1.28,6021,Operador A,0.967
B089,Z043,132.5,1.37,6037,Operador A,0.989
B089,Z044,129.3,1.42,6007,Operador B,0.929
B089,Z045,133.8,1.37,6680,Operador B,0.985
B089,Z046,147.7,1.38,6348,Operador A,0.976
B089,Z047,135.1,1.43,6247,Operador B,0.976
B089,Z048,130.6,1.31,6264,Operador A,0.898
B089,Z049,138.5,1.37,6672,Operador C,0.861
B089,Z050,138.5,1.42,6625,Operador C,0.901
B089,Z051,682.4,2.95,15319,Operador C,0.953
B089,Z052,674.1,2.83,15665,Operador B,0.936
B089,Z053,641.9,2.84,19017,Operador C,0.925
B089,Z054,684.8,2.95,18521,Operador B,0.986
B089,Z055,663.4,2.74,14511,Operador C,0.867
B089,Z056,674.9,2.75,15820,Operador B,0.892
B089,Z057,661.4,2.81,16750,Operador C,0.874
B089,Z058,606.2,2.61,14977,Operador C,0.897
B089,Z059,682.1,2.78,14358,Operador C,0.903
B089,Z060,621.1,2.78,16562,Operador B,0.913
B090,Z001,498.2,2.37,14732,Operador A,0.972
B090,Z002,553.1,2.58,16237,Operador A,0.942
B090,Z003,552.8,2.48,12561,Operador C,0.981
B090,Z004,504.0,2.39,13040,Operador B,0.916
B090,Z005,543.3,2.44,13144,Operador C,0.866
B090,Z006,536.2,2.35,15348,Operador C,0.974
B090,Z007,538.7,2.51,15299,Operador B,0.877
B090,Z008,501.1,2.26,11764,Operador B,0.955
B090,Z009,503.6,2.31,12376,Operador C,0.874
B090,Z010,557.3,2.45,16755,Operador C,0.879
B090,Z011,517.3,2.51,14602,Operador C,0.866
B090,Z012,531.0,2.37,14164,Operador C,0.885
B090,Z013,528.7,2.47,16420,Operador C,0.867
B090,Z014,539.8,2.52,15555,Operador B,0.976
B090,Z015,503.4,2.37,11896,Operador B,0.879
B090,Z016,519.2,2.4,12890,Operador C,0.985
B090,Z017,491.6,2.31,11903,Operador B,0.945
B090,Z018,501.0,2.41,13068,Operador A,0.87
B090,Z019,491.8,2.38,11889,Operador A,0.896
B090,Z020,542.8,2.56,16334,Operador A,0.989
B090,Z021,895.4,3.34,24199,Operador A,0.896
B090,Z022,839.9,3.17,20113,Operador B,0.973
B090,Z023,892.7,3.52,21227,Operador B,0.967
B090,Z024,922.5,3.53,19457,Operador A,0.89
B090,Z025,830.8,3.33,19006,Operador B,0.984
B090,Z026,935.9,3.58,19381,Operador B,0.87
B090,Z027,861.8,3.23,22970,Operador C,0.925
B090,Z028,861.6,3.34,20057,Operador A,0.896
B090,Z029,827.0,3.14,20173,Operador C,0.9
B090,Z030,883.7,3.43,17725,Operador A,0.976
B090,Z031,591.4,2.61,16754,Operador A,0.957
B090,Z032,599.4,2.71,13994,Operador A,0.875
B090,Z033,521.9,2.46,12736,Operador A,0.958
B090,Z034,571.2,2.46,15014,Operador C,0.976
B090,Z035,577.7,2.51,13037,Operador B,0.86
B090,Z036,599.2,2.65,14096,Operador A,0.918
B090,Z037,597.4,2.64,13330,Operador C,0.975
B090,Z038,531.3,2.43,12058,Operador B,0.976
B090,Z039,595.9,2.69,16716,Operador A,0.967
B090,Z040,530.5,2.53,14524,Operador B,0.915
B090,Z041,129.4,1.28,6226,Operador A,0.931
B090,Z042,131.3,1.37,6541,Operador B,0.923
B090,Z043,144.1,1.3,6896,Operador A,0.943
B090,Z044,136.9,1.29,6764,Operador B,0.861
B090,Z045,144.9,1.49,6176,Operador B,0.861
B090,Z046,147.9,1.39,6726,Operador B,0.877
B090,Z047,134.6,1.39,7193,Operador A,0.961
B090,Z048,152.0,1.36,6285,Operador C,0.928
B090,Z049,156.7,1.32,6805,Operador B,0.98
B090,Z050,130.5,1.43,6187,Operador A,0.923
B090,Z051,623.4,2.58,17764,Operador C,0.948
B090,Z052,682.7,2.84,14318,Operador A,0.873
B090,Z053,633.5,2.63,17847,Operador A,0.95
B090,Z054,669.9,2.74,17725,Operador A,0.96
B090,Z055,631.4,2.76,16027,Operador A,0.97
B090,Z056,684.0,2.9,15575,Operador A,0.971
B090,Z057,703.0,3.0,18791,Operador C,0.915
B090,Z058,676.5,2.76,16335,Operador C,0.888
B090,Z059,638.0,2.83,13624,Operador A,0.917
B090,Z060,622.8,2.62,16527,Operador C,0.932
B091,Z001,697.6,2.79,19354,Operador A,0.887
B091,Z002,741.6,3.01,17057,Operador B,0.979
B091,Z003,718.9,3.04,19672,Operador A,0.915
B091,Z004,752.0,3.01,16580,Operador A,0.862
B091,Z005,678.5,2.8,17086,Operador B,0.907
B091,Z006,657.4,2.75,15230,Operador C,0.862
B091,Z007,754.9,2.94,16179,Operador C,0.874
B091,Z008,670.2,2.87,19836,Operador A,0.907
B091,Z009,731.0,2.93,21299,Operador C,0.959
B091,Z010,727.8,2.97,19988,Operador A,0.896
B091,Z011,459.7,2.23,12651,Operador B,0.894
B091,Z012,453.2,2.33,12877,Operador A,0.909
B091,Z013,445.5,2.15,11636,Operador B,0.872
B091,Z014,433.2,2.12,13700,Operador C,0.91
B091,Z015,476.0,2.29,13031,Operador A,0.988
B091,Z016,449.1,2.19,11989,Operador C,0.931
B091,Z017,479.0,2.37,13199,Operador C,0.972
B091,Z018,487.2,2.32,11520,Operador C,0.897
B091,Z019,480.5,2.29,14584,Operador C,0.917
B091,Z020,477.6,2.37,15354,Operador B,0.933
B091,Z021,883.5,3.39,22051,Operador C,0.862
B091,Z022,920.6,3.49,20397,Operador C,0.883
B091,Z023,885.1,3.39,17595,Operador A,0.985
B091,Z024,944.1,3.62,24369,Operador B,0.876
B091,Z025,831.3,3.29,17989,Operador C,0.96
B091,Z026,855.1,3.26,20853,Operador B,0.893
B091,Z027,902.3,3.34,18557,Operador A,0.91
B091,Z028,887.7,3.4,18387,Operador B,0.984
B091,Z029,847.1,3.32,18161,Operador A,0.98
B091,Z030,883.1,3.44,20807,Operador C,0.929
B091,Z031,258.1,1.72,9601,Operador B,0.902
B091,Z032,236.1,1.64,9041,Operador A,0.963
B091,Z033,265.0,1.62,9358,Operador C,0.906
B091,Z034,230.1,1.67,9400,Operador B,0.887
B091,Z035,257.9,1.67,8106,Operador B,0.894
B091,Z036,256.1,1.62,9127,Operador B,0.933
B091,Z037,237.0,1.6,9379,Operador C,0.909
B091,Z038,271.9,1.74,10139,Operador C,0.879
B091,Z039,269.7,1.7,9736,Operador A,0.942
B091,Z040,250.3,1.62,8423,Operador A,0.906
B091,Z041,437.7,2.23,11908,Operador B,0.875
B091,Z042,500.9,2.31,15098,Operador B,0.913
B091,Z043,434.7,2.08,11384,Operador C,0.954
B091,Z044,433.0,2.1,10549,Operador C,0.897
B091,Z045,505.0,2.26,12134,Operador A,0.93
B091,Z046,505.0,2.34,13422,Operador C,0.942
B091,Z047,454.9,2.12,12429,Operador A,0.939
B091,Z048,452.9,2.27,14536,Operador C,0.864
B091,Z049,440.0,2.22,11034,Operador B,0.926
B091,Z050,490.0,2.43,13937,Operador B,0.97
B091,Z051,668.1,2.77,14659,Operador A,0.958
B091,Z052,627.0,2.65,18263,Operador A,0.945
B091,Z053,722.0,2.93,19857,Operador A,0.861
B091,Z054,698.4,2.84,18810,Operador B,0.976
B091,Z055,685.4,2.78,18294,Operador A,0.902
B091,Z056,624.9,2.65,14362,Operador C,0.963
B091,Z057,689.5,2.76,19240,Operador B,0.934
B091,Z058,638.8,2.7,18631,Operador B,0.871
B091,Z059,650.7,2.83,14238,Operador C,0.936
B091,Z060,691.4,2.8,20027,Operador B,0.942
B092,Z001,734.0,2.92,19489,Operador A,0.952
B092,Z002,679.1,2.85,14747,Operador B,0.926
B092,Z003,663.3,2.88,14934,Operador B,0.965
B092,Z004,646.3,2.66,14643,Operador A,0.905
B092,Z005,659.5,2.85,18254,Operador B,0.941
B092,Z006,688.8,2.91,16047,Operador A,0.95
B092,Z007,715.8,2.98,21119,Operador C,0.922
B092,Z008,711.5,2.97,16375,Operador B,0.966
B092,Z009,680.8,2.75,14450,Operador B,0.925
B092,Z010,725.9,3.02,20553,Operador C,0.922
B092,Z011,421.4,2.2,11057,Operador A,0.888
B092,Z012,427.9,2.2,13066,Operador B,0.891
B092,Z013,479.4,2.36,13315,Operador C,0.936
B092,Z014,482.7,2.36,15424,Operador A,0.965
B092,Z015,444.1,2.25,10905,Operador C,0.905
B092,Z016,410.6,2.04,11542,Operador A,0.936
B092,Z017,413.5,2.02,11374,Operador B,0.889
B092,Z018,438.3,2.15,12312,Operador A,0.983
B092,Z019,454.9,2.17,13789,Operador C,0.941
B092,Z020,426.1,2.24,13510,Operador A,0.921
B092,Z021,949.0,3.67,25500,Operador A,0.883
B092,Z022,827.8,3.18,18146,Operador C,0.926
B092,Z023,839.5,3.33,21419,Operador A,0.915
B092,Z024,872.6,3.38,23638,Operador B,0.888
B092,Z025,935.9,3.59,22459,Operador A,0.865
B092,Z026,895.7,3.49,23829,Operador A,0.911
B092,Z027,831.7,3.17,19408,Operador A,0.941
B092,Z028,850.7,3.2,19730,Operador A,0.901
B092,Z029,885.0,3.49,24140,Operador B,0.968
B092,Z030,847.0,3.33,23207,Operador C,0.88
B092,Z031,265.1,1.66,8255,Operador B,0.927
B092,Z032,267.0,1.68,10074,Operador B,0.967
B092,Z033,243.3,1.65,8902,Operador A,0.901
B092,Z034,246.9,1.75,8310,Operador C,0.885
B092,Z035,265.6,1.78,9364,Operador A,0.989
B092,Z036,261.8,1.7,7930,Operador C,0.943
B092,Z037,245.7,1.76,8938,Operador B,0.981
B092,Z038,263.0,1.67,9883,Operador C,0.947
B092,Z039,270.1,1.66,9436,Operador A,0.884
B092,Z040,286.1,1.74,8852,Operador B,0.968
B092,Z041,463.4,2.26,14662,Operador C,0.918
B092,Z042,482.3,2.34,12220,Operador C,0.956
B092,Z043,453.9,2.33,11408,Operador C,0.946
B092,Z044,445.8,2.12,13309,Operador C,0.931
B092,Z045,464.1,2.27,14608,Operador A,0.869
B092,Z046,428.7,2.23,12755,Operador A,0.901
B092,Z047,464.1,2.19,11488,Operador B,0.878
B092,Z048,443.9,2.3,11452,Operador C,0.965
B092,Z049,424.3,2.05,13397,Operador B,0.957
B092,Z050,455.3,2.26,12834,Operador A,0.909
B092,Z051,698.3,2.83,19736,Operador C,0.974
B092,Z052,658.4,2.88,18201,Operador A,0.941
B092,Z053,669.3,2.91,17826,Operador A,0.922
B092,Z054,623.1,2.68,18401,Operador A,0.959
B092,Z055,650.0,2.85,14057,Operador A,0.931
B092,Z056,670.8,2.75,15603,Operador A,0.959
B092,Z057,616.8,2.6,13377,Operador A,0.897
B092,Z058,611.5,2.56,16719,Operador B,0.918
B092,Z059,690.2,2.79,16880,Operador C,0.907
B092,Z060,615.6,2.64,18317,Operador B,0.942
B093,Z001,741.3,2.92,17711,Operador B,0.863
B093,Z002,689.3,2.88,19200,Operador B,0.926
B093,Z003,671.7,2.77,16716,Operador A,0.937
B093,Z004,728.7,2.87,15182,Operador C,0.923
B093,Z005,754.4,3.06,19044,Operador A,0.926
B093,Z006,738.7,3.07,19176,Operador C,0.89
B093,Z007,684.9,2.91,14308,Operador A,0.884
B093,Z008,695.9,2.87,14758,Operador A,0.92
B093,Z009,717.0,3.02,19395,Operador C,0.975
B093,Z010,732.3,2.93,16423,Operador B,0.883
B093,Z011,458.1,2.26,13523,Operador A,0.915
B093,Z012,468.2,2.2,11055,Operador A,0.879
B093,Z013,468.1,2.21,11521,Operador C,0.903
B093,Z014,485.9,2.41,12892,Operador A,0.94
B093,Z015,464.8,2.29,15025,Operador B,0.86
B093,Z016,413.9,2.04,12069,Operador B,0.945
B093,Z017,440.2,2.13,11602,Operador C,0.933
B093,Z018,468.7,2.3,13581,Operador C,0.967
B093,Z019,451.2,2.22,12146,Operador B,0.911
B093,Z020,474.0,2.27,11982,Operador C,0.892
B093,Z021,862.8,3.35,22954,Operador B,0.916
B093,Z022,835.7,3.29,21722,Operador B,0.912
B093,Z023,842.8,3.22,20835,Operador C,0.965
B093,Z024,813.2,3.11,22834,Operador C,0.871
B093,Z025,840.9,3.24,17564,Operador C,0.913
B093,Z026,862.9,3.36,24528,Operador C,0.936
B093,Z027,840.2,3.28,20377,Operador A,0.943
B093,Z028,944.8,3.52,23508,Operador C,0.912
B093,Z029,911.9,3.43,22559,Operador C,0.965
B093,Z030,911.7,3.49,21414,Operador C,0.959
B093,Z031,267.3,1.72,9062,Operador B,0.938
B093,Z032,249.9,1.74,9661,Operador B,0.982
B093,Z033,269.1,1.7,10294,Operador B,0.932
B093,Z034,263.8,1.77,9398,Operador C,0.905
B093,Z035,286.4,1.86,9582,Operador B,0.891
B093,Z036,250.8,1.77,8197,Operador C,0.954
B093,Z037,236.6,1.6,9177,Operador A,0.882
B093,Z038,263.8,1.73,10205,Operador C,0.951
B093,Z039,267.7,1.81,9572,Operador A,0.934
B093,Z040,291.9,1.69,9709,Operador C,0.893
B093,Z041,426.9,2.1,13359,Operador C,0.944
B093,Z042,464.6,2.18,14409,Operador A,0.94
B093,Z043,461.1,2.14,12957,Operador A,0.925
B093,Z044,440.0,2.1,13227,Operador B,0.947
B093,Z045,456.4,2.21,13297,Operador C,0.979
B093,Z046,464.5,2.34,11855,Operador A,0.957
B093,Z047,420.5,2.14,11266,Operador A,0.979
B093,Z048,498.0,2.44,11945,Operador C,0.907
B093,Z049,496.0,2.29,14772,Operador C,0.924
B093,Z050,472.9,2.17,15077,Operador B,0.961
B093,Z051,707.7,2.87,18368,Operador C,0.95
B093,Z052,662.0,2.72,15881,Operador C,0.899
B093,Z053,694.0,2.83,19590,Operador C,0.924
B093,Z054,670.7,2.72,19975,Operador C,0.955
B093,Z055,686.4,2.94,17410,Operador B,0.959
B093,Z056,698.2,2.83,19774,Operador B,0.923
B093,Z057,676.7,2.84,19415,Operador C,0.961
B093,Z058,667.0,2.86,14748,Operador B,0.93
B093,Z059,682.8,2.87,15096,Operador C,0.887
B093,Z060,700.4,2.95,16042,Operador A,0.967
B094,Z001,647.0,2.66,19054,Operador C,0.87
B094,Z002,664.4,2.75,19647,Operador A,0.972
B094,Z003,621.0,2.59,13846,Operador A,0.967
B094,Z004,675.5,2.88,18167,Operador B,0.91
B094,Z005,689.7,2.81,15434,Operador B,0.891
B094,Z006,611.9,2.6,15918,Operador A,0.934
B094,Z007,634.7,2.8,16670,Operador C,0.908
B094,Z008,697.5,2.86,19181,Operador C,0.91
B094,Z009,628.6,2.79,18051,Operador B,0.949
B094,Z010,644.2,2.64,15581,Operador A,0.921
B094,Z011,377.1,2.12,10086,Operador C,0.988
B094,Z012,403.8,2.08,12640,Operador B,0.953
B094,Z013,352.9,1.86,10081,Operador C,0.901
B094,Z014,359.6,2.05,10778,Operador C,0.983
B094,Z015,343.5,1.91,10408,Operador C,0.881
B094,Z016,374.7,2.11,11729,Operador C,0.984
B094,Z017,328.9,1.91,10525,Operador C,0.915
B094,Z018,382.3,1.96,10617,Operador C,0.864
B094,Z019,331.0,1.82,9575,Operador C,0.984
B094,Z020,336.3,1.81,11150,Operador C,0.981
B094,Z021,745.3,3.07,15641,Operador A,0.985
B094,Z022,792.3,3.14,15898,Operador A,0.884
B094,Z023,749.2,2.97,17414,Operador C,0.933
B094,Z024,828.3,3.31,23709,Operador B,0.955
B094,Z025,790.4,3.21,16332,Operador A,0.872
B094,Z026,768.2,3.03,20694,Operador A,0.904
B094,Z027,743.5,3.08,19131,Operador C,0.977
B094,Z028,775.4,3.03,16586,Operador A,0.874
B094,Z029,729.8,2.88,21173,Operador A,0.937
B094,Z030,833.8,3.15,20574,Operador B,0.961
B094,Z031,367.0,1.97,11293,Operador A,0.956
B094,Z032,380.3,1.97,12033,Operador C,0.932
B094,Z033,387.4,1.99,11869,Operador A,0.964
B094,Z034,346.2,1.9,10303,Operador A,0.966
B094,Z035,400.4,2.1,11147,Operador A,0.875
B094,Z036,393.3,2.13,11665,Operador B,0.944
B094,Z037,377.5,2.11,12588,Operador A,0.964
B094,Z038,387.7,2.05,11354,Operador A,0.966
B094,Z039,384.0,2.04,10457,Operador C,0.862
B094,Z040,386.6,1.95,13123,Operador A,0.917
B094,Z041,454.4,2.16,13276,Operador C,0.944
B094,Z042,508.9,2.4,12837,Operador A,0.936
B094,Z043,441.3,2.24,13979,Operador A,0.871
B094,Z044,425.9,2.06,13403,Operador A,0.984
B094,Z045,497.6,2.25,12617,Operador C,0.911
B094,Z046,467.2,2.23,12525,Operador A,0.926
B094,Z047,428.1,2.12,10697,Operador A,0.869
B094,Z048,488.4,2.43,15365,Operador C,0.944
B094,Z049,459.8,2.34,14592,Operador B,0.894
B094,Z050,508.2,2.43,12749,Operador C,0.98
B094,Z051,617.5,2.65,17448,Operador B,0.877
B094,Z052,610.8,2.71,14909,Operador A,0.894
B094,Z053,560.5,2.5,13969,Operador B,0.917
B094,Z054,581.0,2.58,16044,Operador B,0.953
B094,Z055,601.7,2.64,13784,Operador C,0.875
B094,Z056,573.4,2.56,17741,Operador B,0.911
B094,Z057,593.1,2.58,16141,Operador A,0.919
B094,Z058,621.2,2.62,13570,Operador C,0.947
B094,Z059,609.4,2.73,17192,Operador A,0.867
B094,Z060,533.9,2.43,15012,Operador A,0.914
B095,Z001,632.7,2.64,15770,Operador B,0.939
B095,Z002,674.9,2.73,16162,Operador B,0.93
B095,Z003,649.2,2.71,17156,Operador A,0.949
B095,Z004,656.1,2.86,16006,Operador A,0.902
B095,Z005,602.9,2.61,13113,Operador A,0.979
B095,Z006,660.2,2.74,18527,Operador A,0.981
B095,Z007,679.5,2.91,17944,Operador C,0.924
B095,Z008,693.2,2.98,14788,Operador A,0.911
B095,Z009,694.2,2.85,17529,Operador C,0.887
B095,Z010,675.6,2.89,15764,Operador A,0.884
B095,Z011,368.7,1.95,12218,Operador A,0.903
B095,Z012,357.6,2.0,9566,Operador B,0.906
B095,Z013,396.5,2.1,11989,Operador C,0.881
B095,Z014,387.8,2.08,10973,Operador B,0.872
B095,Z015,350.9,1.97,9811,Operador B,0.968
B095,Z016,356.7,1.91,12497,Operador B,0.929
B095,Z017,365.2,1.98,9866,Operador A,0.939
B095,Z018,387.2,1.98,13008,Operador B,0.974
B095,Z019,393.6,1.96,11493,Operador B,0.983
B095,Z020,371.5,2.02,9614,Operador C,0.873
B095,Z021,741.4,3.09,18667,Operador A,0.976
B095,Z022,747.1,2.97,16358,Operador B,0.87
B095,Z023,750.7,2.97,21231,Operador C,0.96
B095,Z024,826.4,3.3,23360,Operador A,0.93
B095,Z025,779.4,3.08,22558,Operador C,0.865
B095,Z026,761.7,3.12,17406,Operador C,0.961
B095,Z027,835.7,3.16,22409,Operador C,0.987
B095,Z028,780.7,3.12,20687,Operador B,0.878
B095,Z029,843.5,3.36,16689,Operador B,0.976
B095,Z030,740.7,3.1,19148,Operador C,0.871
B095,Z031,343.0,1.96,10465,Operador B,0.95
B095,Z032,351.5,1.84,10270,Operador B,0.93
B095,Z033,356.6,2.04,9358,Operador A,0.881
B095,Z034,367.2,1.9,11655,Operador A,0.98
B095,Z035,386.9,1.98,12676,Operador B,0.872
B095,Z036,373.8,2.05,10480,Operador A,0.936
B095,Z037,341.2,1.96,10044,Operador B,0.929
B095,Z038,379.5,1.93,11923,Operador A,0.973
B095,Z039,375.4,1.98,11171,Operador A,0.87
B095,Z040,358.6,1.93,10822,Operador A,0.868
B095,Z041,437.2,2.07,12849,Operador C,0.863
B095,Z042,480.2,2.26,12645,Operador C,0.864
B095,Z043,441.8,2.19,11600,Operador A,0.896
B095,Z044,476.7,2.23,13733,Operador C,0.876
B095,Z045,490.1,2.31,13873,Operador A,0.953
B095,Z046,498.9,2.44,13466,Operador B,0.88
B095,Z047,489.6,2.39,12515,Operador A,0.889
B095,Z048,479.2,2.27,14855,Operador C,0.93
B095,Z049,436.5,2.08,12404,Operador B,0.909
B095,Z050,500.1,2.45,13326,Operador C,0.92
B095,Z051,581.4,2.54,12786,Operador B,0.968
B095,Z052,630.4,2.63,18323,Operador B,0.876
B095,Z053,553.0,2.4,16209,Operador A,0.891
B095,Z054,628.4,2.72,15603,Operador A,0.946
B095,Z055,612.5,2.74,14615,Operador B,0.989
B095,Z056,621.5,2.6,17229,Operador A,0.927
B095,Z057,621.2,2.69,13694,Operador A,0.874
B095,Z058,627.4,2.8,15325,Operador C,0.974
B095,Z059,569.5,2.48,16401,Operador A,0.9
B095,Z060,552.4,2.45,13372,Operador A,0.952
B096,Z001,630.6,2.61,16177,Operador A,0.956
B096,Z002,696.4,2.89,16584,Operador B,0.979
B096,Z003,625.0,2.73,16791,Operador A,0.86
B096,Z004,699.3,2.89,17343,Operador A,0.893
B096,Z005,618.4,2.61,14516,Operador A,0.927
B096,Z006,666.6,2.72,15061,Operador B,0.923
B096,Z007,676.1,2.78,16431,Operador B,0.959
B096,Z008,645.3,2.83,19288,Operador C,0.981
B096,Z009,649.8,2.81,18604,Operador A,0.915
B096,Z010,690.8,2.85,14890,Operador A,0.899
B096,Z011,360.5,1.97,11356,Operador B,0.884
B096,Z012,403.2,2.19,12578,Operador C,0.965
B096,Z013,375.4,1.96,12579,Operador A,0.861
B096,Z014,353.4,1.85,10057,Operador A,0.951
B096,Z015,370.9,1.93,11289,Operador B,0.868
B096,Z016,383.3,2.1,9796,Operador C,0.943
B096,Z017,383.6,2.12,9935,Operador A,0.929
B096,Z018,389.0,2.16,11989,Operador B,0.878
B096,Z019,357.8,1.94,12179,Operador A,0.891
B096,Z020,346.4,1.99,12009,Operador A,0.929
B096,Z021,808.6,3.3,19830,Operador C,0.861
B096,Z022,748.3,3.11,19275,Operador A,0.933
B096,Z023,760.6,2.99,21334,Operador B,0.864
B096,Z024,758.4,2.99,15570,Operador A,0.928
B096,Z025,751.2,3.14,21476,Operador C,0.96
B096,Z026,809.5,3.21,23408,Operador B,0.896
B096,Z027,809.3,3.2,17482,Operador C,0.909
B096,Z028,856.7,3.21,20504,Operador A,0.935
B096,Z029,768.8,3.11,21641,Operador C,0.957
B096,Z030,804.1,3.16,22471,Operador B,0.974
B096,Z031,358.0,2.01,12403,Operador B,0.871
B096,Z032,373.1,1.97,11871,Operador B,0.923
B096,Z033,356.2,2.03,11260,Operador B,0.986
B096,Z034,344.3,1.88,11939,Operador C,0.894
B096,Z035,349.1,2.05,12092,Operador B,0.911
B096,Z036,355.8,1.92,10871,Operador B,0.931
B096,Z037,334.0,1.8,9711,Operador A,0.896
B096,Z038,369.6,1.92,10993,Operador C,0.973
B096,Z039,343.5,1.95,11267,Operador B,0.869
B096,Z040,372.3,2.02,11052,Operador C,0.882
B096,Z041,444.0,2.29,12543,Operador B,0.943
B096,Z042,444.1,2.17,12726,Operador B,0.963
B096,Z043,429.5,2.15,12773,Operador B,0.865
B096,Z044,483.3,2.25,11628,Operador A,0.883
B096,Z045,443.8,2.26,14089,Operador C,0.982
B096,Z046,500.3,2.33,14275,Operador A,0.968
B096,Z047,452.1,2.28,13630,Operador B,0.908
B096,Z048,443.9,2.18,14062,Operador A,0.908
B096,Z049,455.3,2.19,12447,Operador C,0.878
B096,Z050,448.3,2.13,13429,Operador A,0.887
B096,Z051,572.6,2.59,16824,Operador C,0.862
B096,Z052,617.2,2.65,16250,Operador C,0.914
B096,Z053,622.1,2.62,16781,Operador C,0.881
B096,Z054,592.6,2.63,15112,Operador C,0.898
B096,Z055,556.9,2.43,16671,Operador B,0.861
B096,Z056,604.5,2.62,15856,Operador B,0.959
B096,Z057,581.4,2.54,16420,Operador A,0.889
B096,Z058,624.8,2.76,13763,Operador A,0.877
B096,Z059,609.6,2.68,14658,Operador C,0.982
B096,Z060,595.8,2.7,15698,Operador B,0.988
B097,Z001,859.1,3.35,20572,Operador B,0.914
B097,Z002,844.7,3.23,23899,Operador C,0.928
B097,Z003,788.3,3.23,18321,Operador A,0.921
B097,Z004,833.5,3.32,22520,Operador C,0.87
B097,Z005,828.8,3.25,21712,Operador B,0.868
B097,Z006,810.9,3.15,19932,Operador B,0.982
B097,Z007,908.9,3.51,25121,Operador C,0.879
B097,Z008,873.9,3.47,23575,Operador A,0.952
B097,Z009,809.8,3.19,18940,Operador B,0.928
B097,Z010,850.4,3.24,22884,Operador B,0.919
B097,Z011,754.9,3.11,21978,Operador A,0.894
B097,Z012,760.6,3.14,16182,Operador A,0.962
B097,Z013,726.5,3.0,15991,Operador B,0.896
B097,Z014,765.3,3.0,22032,Operador C,0.902
B097,Z015,705.2,2.87,15438,Operador C,0.861
B097,Z016,760.9,2.99,20023,Operador B,0.876
B097,Z017,733.0,3.03,17155,Operador A,0.866
B097,Z018,715.6,3.04,16588,Operador A,0.927
B097,Z019,703.6,3.01,18280,Operador C,0.914
B097,Z020,716.9,2.84,17775,Operador C,0.923
B097,Z021,1064.8,,27415,Operador B,0.977
B097,Z022,1165.2,4.17,25641,Operador C,0.94
B097,Z023,1195.5,4.28,24428,Operador A,0.904
B097,Z024,1057.3,3.89,21656,Operador A,0.907
B097,Z025,1146.8,4.05,23178,Operador A,0.888
B097,Z026,1190.1,4.22,23888,Operador B,0.952
B097,Z027,1158.4,4.05,26473,Operador A,0.862
B097,Z028,1153.0,4.17,29398,Operador A,0.914
B097,Z029,1059.9,3.76,23900,Operador B,0.944
B097,Z030,1172.7,4.15,25041,Operador C,0.933
B097,Z031,252.7,1.59,9712,Operador A,0.96
B097,Z032,235.1,1.56,8976,Operador A,0.948
B097,Z033,232.1,1.63,8591,Operador A,0.943
B097,Z034,220.8,1.52,9249,Operador C,0.948
B097,Z035,224.9,1.67,8143,Operador C,0.977
B097,Z036,246.2,1.57,8628,Operador A,0.976
B097,Z037,257.8,1.7,8061,Operador B,0.922
B097,Z038,237.6,1.7,8507,Operador A,0.925
B097,Z039,254.5,1.66,8128,Operador B,0.889
B097,Z040,221.7,1.49,8514,Operador C,0.94
B097,Z041,465.1,2.18,13510,Operador B,0.917
B097,Z042,497.1,2.29,12983,Operador A,0.905
B097,Z043,512.3,2.43,13445,Operador B,0.911
B097,Z044,456.5,2.31,11134,Operador A,0.945
B097,Z045,485.5,2.4,13157,Operador C,0.977
B097,Z046,521.2,2.42,15347,Operador C,0.966
B097,Z047,507.6,2.33,14955,Operador C,0.888
B097,Z048,476.8,2.33,12211,Operador A,0.943
B097,Z049,500.0,2.44,13049,Operador C,0.936
B097,Z050,489.8,2.37,14077,Operador A,0.92
B097,Z051,834.4,3.25,19979,Operador A,0.889
B097,Z052,964.1,3.53,22137,Operador B,0.953
B097,Z053,868.0,3.36,18847,Operador A,0.984
B097,Z054,873.6,3.35,24265,Operador B,0.896
B097,Z055,862.3,3.32,18923,Operador A,0.979
B097,Z056,895.3,3.37,19114,Operador B,0.907
B097,Z057,852.8,3.41,24418,Operador B,0.883
B097,Z058,908.2,3.56,19978,Operador C,0.983
B097,Z059,869.5,3.41,18473,Operador B,0.985
B097,Z060,946.5,3.6,25673,Operador B,0.903
B098,Z001,857.0,3.25,19028,Operador A,0.876
B098,Z002,813.3,3.19,20535,Operador A,0.909
B098,Z003,854.5,3.36,20419,Operador C,0.912
B098,Z004,892.6,3.36,20189,Operador C,0.961
B098,Z005,814.6,3.26,22103,Operador A,0.964
B098,Z006,799.2,3.16,20422,Operador C,0.956
B098,Z007,865.0,3.43,23711,Operador C,0.966
B098,Z008,800.9,3.13,19002,Operador B,0.938
B098,Z009,899.0,3.46,19110,Operador C,0.968
B098,Z010,843.9,3.34,23257,Operador A,0.947
B098,Z011,703.3,2.81,18377,Operador A,0.873
B098,Z012,749.1,2.97,21193,Operador A,0.922
B098,Z013,720.4,2.91,16676,Operador A,0.883
B098,Z014,686.5,2.86,18502,Operador B,0.866
B098,Z015,684.3,2.79,16747,Operador C,0.898
B098,Z016,683.3,2.88,18873,Operador A,0.94
B098,Z017,745.0,2.99,17932,Operador A,0.865
B098,Z018,741.4,2.98,17909,Operador B,0.885
B098,Z019,696.4,2.79,15502,Operador B,0.981
B098,Z020,692.6,2.87,15515,Operador A,0.886
B098,Z021,1133.1,3.99,29005,Operador A,0.887
B098,Z022,1139.8,4.15,25950,Operador C,0.94
B098,Z023,1092.0,3.89,21730,Operador C,0.969
B098,Z024,1109.7,4.02,27442,Operador B,0.87
B098,Z025,1099.4,3.92,28377,Operador B,0.986
B098,Z026,1162.2,4.21,23165,Operador A,0.862
B098,Z027,1062.1,3.91,26152,Operador A,0.921
B098,Z028,1109.0,3.93,29410,Operador C,0.987
B098,Z029,1136.0,4.0,29291,Operador C,0.977
B098,Z030,1108.7,3.93,22806,Operador A,0.982
B098,Z031,270.2,1.82,8334,Operador A,0.904
B098,Z032,233.3,1.61,8244,Operador C,0.861
B098,Z033,246.3,1.58,9237,Operador A,0.87
B098,Z034,243.4,1.56,8934,Operador C,0.9
B098,Z035,243.8,1.59,8193,Operador C,0.932
B098,Z036,259.8,1.61,9264,Operador C,0.905
B098,Z037,250.3,1.57,8237,Operador B,0.964
B098,Z038,238.7,1.68,9472,Operador B,0.881
B098,Z039,252.5,1.58,9948,Operador A,0.898
B098,Z040,216.1,1.56,8546,Operador B,0.915
B098,Z041,478.1,2.37,11845,Operador C,0.93
B098,Z042,457.3,2.2,13277,Operador B,0.91
B098,Z043,482.4,2.33,12994,Operador C,0.899
B098,Z044,452.6,2.16,11556,Operador A,0.954
B098,Z045,476.7,2.31,13902,Operador A,0.951
B098,Z046,480.0,2.39,12445,Operador C,0.917
B098,Z047,439.9,2.1,10911,Operador C,0.954
B098,Z048,502.5,2.3,15725,Operador B,0.954
B098,Z049,459.7,2.17,14662,Operador B,0.981
B098,Z050,471.4,2.23,13683,Operador B,0.975
B098,Z051,846.3,3.38,16760,Operador A,0.93
B098,Z052,835.8,3.3,22282,Operador B,0.906
B098,Z053,917.5,3.47,23614,Operador C,0.954
B098,Z054,957.6,3.6,22168,Operador C,0.963
B098,Z055,925.1,3.45,24405,Operador C,0.95
B098,Z056,964.2,3.68,21293,Operador A,0.95
B098,Z057,926.5,3.6,17986,Operador B,0.91
B098,Z058,893.5,3.4,19783,Operador B,0.913
B098,Z059,906.8,3.54,24810,Operador A,0.866
B098,Z060,889.6,3.4,23565,Operador B,0.931
B099,Z001,822.8,3.26,18248,Operador C,0.986
B099,Z002,901.0,3.34,23044,Operador B,0.909
B099,Z003,905.3,3.53,18270,Operador B,0.89
B099,Z004,904.9,3.37,23671,Operador C,0.926
B099,Z005,899.1,3.46,24962,Operador C,0.877
B099,Z006,900.1,3.51,20171,Operador A,0.897
B099,Z007,840.7,3.33,17394,Operador B,0.954
B099,Z008,911.8,3.56,22528,Operador C,0.957
B099,Z009,846.7,3.2,17571,Operador A,0.871
B099,Z010,793.9,3.15,22282,Operador C,0.92
B099,Z011,723.0,2.91,18272,Operador C,0.959
B099,Z012,685.0,2.86,20009,Operador A,0.936
B099,Z013,762.0,3.04,17253,Operador B,0.914
B099,Z014,727.1,3.0,20098,Operador B,0.917
B099,Z015,657.7,2.8,16961,Operador C,0.916
B099,Z016,673.3,2.91,19594,Operador B,0.94
B099,Z017,732.5,2.91,15621,Operador B,0.948
B099,Z018,670.1,2.89,18794,Operador B,0.914
B099,Z019,740.4,2.96,17335,Operador B,0.885
B099,Z020,759.0,2.95,21181,Operador A,0.921
B099,Z021,1132.1,4.01,28108,Operador B,0.883
B099,Z022,1118.0,3.99,26293,Operador C,0.905
B099,Z023,1197.3,4.18,27246,Operador A,0.922
B099,Z024,1134.4,3.99,30151,Operador A,0.889
B099,Z025,1142.4,4.02,22115,Operador B,0.904
B099,Z026,1139.2,4.15,24656,Operador B,0.904
B099,Z027,1169.4,4.22,26137,Operador B,0.873
B099,Z028,1128.5,4.05,22236,Operador B,0.886
B099,Z029,1080.7,3.82,25016,Operador A,0.889
B099,Z030,1226.7,4.4,31650,Operador A,0.917
B099,Z031,237.2,1.73,7769,Operador A,0.978
B099,Z032,248.4,1.57,7861,Operador C,0.897
B099,Z033,243.8,1.61,8534,Operador B,0.919
B099,Z034,231.0,1.66,8541,Operador A,0.917
B099,Z035,254.1,1.76,9554,Operador B,0.86
B099,Z036,258.6,1.62,10069,Operador C,0.911
B099,Z037,257.5,1.71,9569,Operador C,0.874
B099,Z038,238.6,1.67,8739,Operador B,0.956
B099,Z039,242.1,1.66,9203,Operador C,0.964
B099,Z040,240.0,1.66,8687,Operador B,0.938
B099,Z041,450.9,2.18,10855,Operador A,0.881
B099,Z042,512.5,2.29,14858,Operador C,0.871
B099,Z043,519.0,2.48,12468,Operador A,0.966
B099,Z044,494.8,2.27,11869,Operador C,0.966
B099,Z045,495.6,2.28,13408,Operador C,0.904
B099,Z046,479.5,2.4,14436,Operador C,0.947
B099,Z047,476.5,2.32,13737,Operador A,0.933
B099,Z048,526.6,2.32,14563,Operador A,0.955
B099,Z049,473.6,2.31,12957,Operador C,0.979
B099,Z050,515.0,2.48,16159,Operador A,0.87
B099,Z051,960.7,3.63,20558,Operador C,0.878
B099,Z052,902.9,3.42,24570,Operador C,0.963
B099,Z053,963.6,3.56,25362,Operador A,0.936
B099,Z054,887.8,3.47,21306,Operador B,0.949
B099,Z055,906.9,3.45,24296,Operador C,0.916
B099,Z056,974.3,3.59,21279,Operador C,0.884
B099,Z057,841.4,3.3,23812,Operador B,0.931
B099,Z058,970.8,3.68,24934,Operador A,0.875
B099,Z059,924.8,3.44,18138,Operador A,0.886
B099,Z060,892.9,3.49,21690,Operador C,0.944
B100,Z001,311.2,1.82,10783,Operador C,0.91
B100,Z002,346.6,1.96,10069,Operador B,0.914
B100,Z003,312.7,1.76,11014,Operador A,0.933
B100,Z004,308.5,1.88,9883,Operador B,0.906
B100,Z005,292.0,1.83,10698,Operador C,0.982
B100,Z006,313.1,1.93,9610,Operador C,0.937
B100,Z007,309.4,1.85,8829,Operador B,0.927
B100,Z008,322.0,1.93,10221,Operador A,0.981
B100,Z009,304.4,1.8,9464,Operador A,0.863
B100,Z010,343.9,1.87,11516,Operador A,0.899
B100,Z011,506.5,2.46,12188,Operador A,0.888
B100,Z012,471.9,2.28,13987,Operador C,0.895
B100,Z013,461.5,2.15,,Operador B,0.933
B100,Z014,480.7,2.3,12797,Operador C,0.921
B100,Z015,519.0,2.33,14447,Operador A,0.902
B100,Z016,532.2,2.39,12245,Operador C,0.925
B100,Z017,513.5,2.31,12126,Operador B,0.902
B100,Z018,449.0,2.12,12779,Operador B,0.93
B100,Z019,542.9,2.47,12246,Operador B,0.898
B100,Z020,487.4,2.33,12851,Operador A,0.929
B100,Z021,210.3,1.6,7712,Operador A,0.923
B100,Z022,201.2,1.54,8168,Operador B,0.927
B100,Z023,188.7,1.47,7486,Operador B,0.861
B100,Z024,192.5,1.51,7219,Operador C,0.896
B100,Z025,203.7,1.51,8295,Operador B,0.892
B100,Z026,193.9,1.59,7981,Operador C,0.968
B100,Z027,204.8,1.46,7750,Operador A,0.899
B100,Z028,214.7,1.61,7937,Operador C,0.896
B100,Z029,194.6,1.43,7460,Operador A,0.911
B100,Z030,193.4,1.52,6964,Operador C,0.916
B100,Z031,1157.7,4.03,24306,Operador B,0.928
B100,Z032,1119.9,3.97,26308,Operador B,0.939
B100,Z033,1126.8,3.97,25893,Operador B,0.966
B100,Z034,1205.4,4.16,24478,Operador B,0.952
B100,Z035,1267.4,4.39,33837,Operador A,0.952
B100,Z036,1125.1,4.01,29301,Operador A,0.949
B100,Z037,1184.3,4.1,28631,Operador B,0.928
B100,Z038,1267.4,4.53,31774,Operador C,0.911
B100,Z039,1191.4,4.16,26922,Operador C,0.892
B100,Z040,1190.4,4.26,22031,Operador B,0.934
B100,Z041,654.7,2.84,19309,Operador B,0.88
B100,Z042,739.8,2.98,15879,Operador B,0.931
B100,Z043,655.3,2.74,19176,Operador B,0.869
B100,Z044,646.5,2.85,16794,Operador B,0.911
B100,Z045,727.4,3.03,21073,Operador A,0.97
B100,Z046,712.2,2.93,15683,Operador C,0.974
B100,Z047,742.4,3.01,19150,Operador A,0.946
B100,Z048,690.8,2.76,20425,Operador A,0.89
B100,Z049,692.0,2.95,15013,Operador A,0.983
B100,Z050,734.3,2.91,18535,Operador B,0.863
B100,Z051,279.2,1.72,9090,Operador A,0.907
B100,Z052,270.6,1.64,10417,Operador A,0.915
B100,Z053,289.3,1.88,9693,Operador C,0.957
B100,Z054,277.0,1.66,10503,Operador A,0.9
B100,Z055,290.3,1.82,10160,Operador C,0.951
B100,Z056,305.0,1.88,9038,Operador C,0.875
B100,Z057,282.9,1.82,9696,Operador A,0.94
B100,Z058,282.1,1.68,9494,Operador A,0.865
B100,Z059,316.9,1.82,9901,Operador C,0.951
B100,Z060,310.8,1.76,10904,Operador C,0.956
B005,Z011,401.4,2.05,12203,Operador A,0.942
